Label,cg20855160,cg07614747,cg21009747,cg25792518,cg03497652
Cancer,0.0783822261800881,0.16034805525865803,0.9796428347202399,0.9517308124992679,0.972620451217772
Cancer,0.549381108523067,0.449255111907189,0.36017895296708896,0.8975189395916259,0.9516204386700079
Cancer,0.41691533493584604,0.13564787785985402,0.9760299174357091,0.8358477347112231,0.9611505996171421
Cancer,0.0277655448050082,0.0589306288532809,0.9002513638846891,0.960220702987908,0.9499160869752892
Cancer,0.0402266774999767,0.0960803821927095,0.970788709998264,0.898870969535864,0.9392218095220579
Cancer,0.0923206107415404,0.10751187519021099,0.969787819401996,0.776801821348865,0.930497018377172
Cancer,0.86969293906546,0.0524057791212956,0.975815623064704,0.9704086770206909,0.962414130969258
Cancer,0.167008211813977,0.324178511461456,0.9777555702379191,0.9224147456623492,0.9726845671645291
Cancer,0.10350890787284199,0.15429963320225398,0.9629740333584309,0.8392791543661908,0.935104340541445
Cancer,0.0506630796480878,0.086674988447603,0.412562858978408,0.9674275357568259,0.938482223947676
Cancer,0.345554652133313,0.14766862956059,0.969808401871104,0.835416276309208,0.9658355231462081
Cancer,0.130147531521313,0.16920203083362698,0.977588563176752,0.9382714529585899,0.945640765333014
Cancer,0.119199830010749,0.18763764544184805,0.818223367047514,0.7987690780855301,0.818183517100931
Cancer,0.0359407670511702,0.0908973931472726,0.11103525460651402,0.501358215085776,0.722567827813767
Cancer,0.157682119951418,0.581179437892866,0.9069059747347701,0.8061116804746641,0.960689048503742
Cancer,0.0900401068800224,0.124120598229509,0.974970113830453,0.9489414397943041,0.952708665344058
Cancer,0.100740470334295,0.15529621245716402,0.9714189738164741,0.8363659989756279,0.961873276553285
Cancer,0.331085723370962,0.292870150355737,0.966704955674691,0.437307703743364,0.916415697420029
Cancer,0.12712158740284699,0.14208375404824403,0.9793849734300171,0.94956821241451,0.9677746251944591
Cancer,0.0483807443803171,0.0410651695422324,0.972154052929195,0.922374147854997,0.9551480906683059
Cancer,0.17242849729835502,0.15694967702346999,0.9544794574367529,0.8062806821378091,0.9784540598405992
Cancer,0.27949426488507206,0.15166643412874098,0.97689941656441,0.8495150660217349,0.9099503397916229
Cancer,0.212127313150662,0.100609727996786,0.977227786498266,0.9607562956242051,0.96051382397735
Cancer,0.0735826385347145,0.220835530754202,0.985535411105774,0.969969649847756,0.97974579014259
Cancer,0.10266311940732302,0.15127395609628697,0.9706452070591941,0.86207057235529,0.96281571059998
Cancer,0.0494769919406008,0.152131907420641,0.973999528642448,0.849497226441983,0.9524152520292092
Cancer,0.160009271373272,0.157465237519204,0.97925788916611,0.9472052297931629,0.9382942206354
Cancer,0.35737691094272706,0.29024574107113,0.975789721694481,0.634427268756298,0.958368833777702
Cancer,0.0675982253390289,0.149136899286937,0.977044370331925,0.911907005088032,0.9307491238642679
Cancer,0.21738777542358398,0.32390413686938396,0.974254914577797,0.8713808897796519,0.835833961158947
Cancer,0.125281017289935,0.0686263144283273,0.980584718876915,0.884779384417005,0.969936075720634
Cancer,0.0739046929600635,0.11990323872264098,0.9783483250869721,0.9346949763531929,0.9476587841325591
Cancer,0.114052785684286,0.15018577621432097,0.9802199180190821,0.9582412022171619,0.96720996218179
Cancer,0.19290220067206698,0.11025080853405399,0.9801581726101061,0.917109526537692,0.97023368071909
Cancer,0.23103535450657997,0.199846495419047,0.9707106105569259,0.8601805119966741,0.915690857855807
Cancer,0.543658211146683,0.294466285656302,0.976327199377576,0.8218249210089609,0.96246321408085
Cancer,0.30273569928002303,0.387575128843629,0.9736370758860359,0.875265894533174,0.950534258938639
Cancer,0.120524120020828,0.0664412872532838,0.982301170945907,0.9462266731598249,0.9680747611808119
Cancer,0.0597729894689819,0.0947843536149515,0.9651094585018779,0.9085955006466692,0.9640686304160899
Cancer,0.213242884406378,0.21205060598246697,0.979463013159553,0.84715363934984,0.964802456883798
Cancer,0.0478215394896689,0.08341045881967402,0.9830948535611209,0.9656951856731429,0.9683839582995001
Cancer,0.191616048240629,0.155911110057524,0.969012006415633,0.739586145705557,0.9462518173000601
Cancer,0.0463632856864182,0.23320951321232103,0.9684074022947909,0.953684713512854,0.902762612156907
Cancer,0.0796638556066455,0.113773712507036,0.9818978608001441,0.865030251679511,0.9694310189016999
Cancer,0.129861493108132,0.23130205021355,0.9802505340887541,0.9440477606540271,0.824665047576488
Cancer,0.0319932369389987,0.0923539044334456,0.9805723074636559,0.16924670955403498,0.961704294296885
Cancer,0.14048657770997303,0.162539118167691,0.9817460732851021,0.20812152216267002,0.9361471062253891
Cancer,0.150003512750375,0.6398177797750539,0.979149229421007,0.865493535769557,0.955181096640999
Cancer,0.5573509474776078,0.458871229012711,0.9810120512690191,0.5731651903670091,0.722880322010464
Cancer,0.628732589872691,0.42487747384816,0.7267971068949631,0.560509525768985,0.7540418579134409
Cancer,0.0407095599273202,0.0653733841433223,0.9745585399138009,0.9702329819924541,0.9677042682022191
Cancer,0.0617397606379943,0.0788033568623981,0.975109715747104,0.8844121644746659,0.9501288400181421
Cancer,0.07598076903779599,0.11620658315762701,0.9805356377124891,0.957487384993985,0.978600676018671
Cancer,0.0894918316715446,0.10980241058340899,0.978448810884386,0.95722470946469,0.969372051800128
Cancer,0.154268162753132,0.213600124900968,0.9750420155801941,0.8382457121025841,0.9578806392872521
Cancer,0.30478921979394297,0.144634470420066,0.938652271851538,0.783041535673445,0.905898963156253
Cancer,0.0393378071588172,0.118559319664846,0.9763567003380279,0.932239085127931,0.9654886831128799
Cancer,0.107237525261065,0.0897569384346174,0.98099557355167,0.9762241253909699,0.9772983064373539
Cancer,0.24853091778143202,0.17252449533832698,0.9785617005652251,0.8270060117360809,0.9488410342889799
Cancer,0.0909390473940569,0.7177509269415309,0.56549853990421,0.8006557611975859,0.7431983347895241
Cancer,0.162768772704595,0.160174310821061,0.968138037990827,0.897488819514178,0.962407430491287
Cancer,0.0316882204080038,0.0568482326877778,0.9770102229688861,0.9509564181921559,0.9627232732902241
Cancer,0.118127352213985,0.124879115688098,0.979821341900447,0.8296856848554741,0.971205800858022
Cancer,0.0758451546055247,0.09975172941744401,0.973570503802232,0.962846476235639,0.958906182090604
Cancer,0.0384922749004136,0.0815996613616714,0.9681783025644991,0.936469732369636,0.943271280412404
Cancer,0.0749835321080976,0.375605203768074,0.916228267909991,0.720073946524616,0.7935689179854759
Cancer,0.0350079911335096,0.0813430323592853,0.9457860264488391,0.9629691444250551,0.9684695177322831
Cancer,0.040857753669280995,0.0967541196760544,0.960562604594011,0.949866636920086,0.961788168888326
Cancer,0.19470479893106699,0.17361308749354,0.978512101961527,0.828696248910308,0.9690732509913829
Cancer,0.191619345859149,0.24520578761003603,0.9830988136861291,0.854345601832961,0.950539865414875
Cancer,0.0398679221655272,0.115048167810096,0.9821343386004169,0.982437483145172,0.962052179701653
Cancer,0.7662624706110251,0.684522186112815,0.963900419827009,0.8343373813168371,0.9386592960259549
Cancer,0.0719098617788599,0.061864352530814,0.9666510245964991,0.9739328914568449,0.97489308901069
Cancer,0.21639184489427302,0.20613130985298603,0.979217732299381,0.9399469444314499,0.971545250328913
Cancer,0.27653119467876697,0.157431559717016,0.897387756851909,0.833205733348537,0.754627416185268
Cancer,0.0428486227472344,0.0682768837026071,0.969866853969826,0.9145515001815749,0.959420833371782
Cancer,0.0644293710584724,0.17543217422646698,0.973678057531925,0.918632333148953,0.890147261684648
Cancer,0.0576656532369111,0.0752499992142601,0.978443572532543,0.9418022223512159,0.969262501054596
Cancer,0.252614064847892,0.6836729029026751,0.8830604230243709,0.249678215805279,0.6282051253765051
Cancer,0.0865359178111943,0.0738205551435546,0.9748320635896941,0.948121786238884,0.442943375954679
Cancer,0.18620681451467802,0.36012458299432004,0.9567528293768052,0.766050560990525,0.8327762491653331
Cancer,0.21119465068205398,0.583010723207991,0.967073314012706,0.803896196421129,0.8146902324232159
Cancer,0.0587101126671349,0.0747847923378203,0.978142826301782,0.9737485134525301,0.96815048840911
Cancer,0.385788226349205,0.197489836484355,0.979343748631694,0.8680590712964878,0.904606704310772
Cancer,0.0632558900794601,0.078088311774894,0.9666835009335358,0.903644399299693,0.9095805052094009
Cancer,0.29047674358249104,0.27367628431387303,0.969793559289183,0.780774371334915,0.9569943553161501
Cancer,0.122328153433482,0.38607856138349295,0.9462901875222801,0.760439643013857,0.862365999053955
Cancer,0.10853388539600299,0.11934657865576599,0.9747940531696221,0.94930718274541,0.953609537447896
Cancer,0.0313387184137461,0.125102430072733,0.0754416581735093,0.0310236094673653,0.127585862373909
Cancer,0.24037592757645604,0.315323530843229,0.6430564634086391,0.223533606628867,0.756742722395501
Cancer,0.0904751762821453,0.0810553253086802,0.978175891836019,0.943599694973504,0.957126477034298
Cancer,0.109444976324686,0.21531862417610395,0.932183288933866,0.8594980061044909,0.9650745486984101
Cancer,0.16639009629767498,0.237139692391422,0.9635091836417622,0.9137673048367159,0.9496297087976171
Cancer,0.142296433081964,0.11245158999085901,0.970225380717533,0.8558094210867528,0.93007137039646
Cancer,0.17202166063032,0.214711023679842,0.9805641605396591,0.8844222714252651,0.9468433425382479
Cancer,0.11672984431877499,0.208829167012138,0.9731655848016469,0.9469565046164531,0.943875101535502
Cancer,0.37273270791557794,0.19053786805541395,0.9784592187070091,0.912555355181769,0.894540539047855
Cancer,0.0562495613257123,0.0832825755573409,0.974005820358197,0.969252161384828,0.953474838542438
Cancer,0.12598967440883901,0.137662297581603,0.9800122266981921,0.958752911637207,0.9621262420072441
Cancer,0.750529913244578,0.0983487521904331,0.978105191019465,0.957115476438856,0.9601728519563121
Cancer,0.135874383647718,0.24069394646913,0.968859565734182,0.922250247726482,0.961844665914471
Cancer,0.15385898030806602,0.159973631195698,0.9832841009168249,0.8923294456247259,0.9710354425653019
Cancer,0.0851628306182977,0.156736302109648,0.9740215282896278,0.728868241758516,0.965447847798053
Cancer,0.349740163455021,0.520259522378995,0.905791268793284,0.482339701246489,0.8450769157665359
Cancer,0.7439256872995809,0.692241243831446,0.957647268569891,0.200250109569252,0.9401102914132801
Cancer,0.10821946669102099,0.11040785174821001,0.962080650215842,0.835331498225863,0.9302277892484209
Cancer,0.0293234239111487,0.7610066914933521,0.97762883912089,0.968229339339163,0.635698289467848
Cancer,0.0506640217241635,0.0659997492661514,0.9212452317718319,0.77883488077888,0.93749341891534
Cancer,0.0929566694966663,0.172257089602109,0.9684714847092349,0.9270427108751841,0.9588318537838879
Cancer,0.20943242022145603,0.15311572919223598,0.973058809695362,0.8470207581343541,0.970600095471386
Cancer,0.27937320591641496,0.34764906148989094,0.8773869066128829,0.5782170084227249,0.765242538427831
Cancer,0.0614700269720652,0.0676404125776606,0.9695348592833459,0.9769899413089721,0.9708991568166071
Cancer,0.203554481824238,0.16751872542364402,0.9778124559812221,0.915485087428364,0.9704858579289309
Cancer,0.0298830137210705,0.093354771406468,0.978110067587211,0.972693093985241,0.974715718913428
Cancer,0.264504082929844,0.26839814613415497,0.967604015338179,0.6580703796475761,0.934935972402865
Cancer,0.0524062144524725,0.188823871673841,0.975394361443723,0.797464402831435,0.922048787795558
Cancer,0.208615566065237,0.256212981888115,0.9815111187239459,0.970734145685772,0.969799005231703
Cancer,0.0464303007182002,0.0778505940329609,0.9739375125272081,0.936126887463752,0.9599000630698629
Cancer,0.0391316131121897,0.10072852889522,0.9773697075969592,0.973957214184406,0.9770261914897109
Cancer,0.059249419205135004,0.764378882502369,0.97634387495957,0.9392770208678689,0.9486230860991421
Cancer,0.29679268529789,0.253558727863622,0.971440658659167,0.501113752899025,0.8023045557461619
Cancer,0.232643373009439,0.15026670012353,0.965567119012246,0.8864827313312501,0.9666508158856351
Cancer,0.557785821628594,0.187444939537889,0.9732272054249009,0.6855453368734069,0.941390423093449
Cancer,0.523376975098167,0.605145759392242,0.686790709870304,0.5618843327890191,0.596629987199775
Cancer,0.0992040457246163,0.127357360270128,0.976756527361375,0.935306914928492,0.971840269440397
Cancer,0.15743753419970702,0.15785357163483202,0.976090118878937,0.8024497336138141,0.965264070534038
Cancer,0.0468325439353799,0.0427970913693226,0.9752570679944108,0.9759326341174028,0.971637405842216
Cancer,0.0694557820299754,0.19307866084617603,0.9739959405591551,0.8817784048451429,0.960158106700701
Cancer,0.17665230807216398,0.176411151387779,0.9815998181628591,0.8487866860181379,0.9675913687238571
Cancer,0.0474198404538254,0.0741804662882137,0.961419016678507,0.9557977070212479,0.9324539357556351
Cancer,0.283041127484263,0.21889727614197302,0.981427824805588,0.42130775091705003,0.952587717388612
Cancer,0.0358519177311382,0.114046551295392,0.98023741876892,0.973953598102455,0.9761550343642241
Cancer,0.733251047179684,0.36570051021613004,0.974133100973945,0.678708606322745,0.966115892254035
Cancer,0.0465178978522761,0.164505295640728,0.9809678443810921,0.936926401628678,0.9768148761817801
Cancer,0.0576698871064149,0.18840959631787602,0.852408723894893,0.9631635182250491,0.9681342047462841
Cancer,0.0580623040606063,0.10461151275301499,0.977106169769569,0.8946248460929441,0.9747361551024809
Cancer,0.21903487560179102,0.268343342660178,0.969212368439596,0.851067529948839,0.9709586541187759
Cancer,0.048268678935649005,0.0999712711678143,0.8144616929240759,0.9454328728476271,0.946207620284575
Cancer,0.22121842487191398,0.0972610552306748,0.94642164445769,0.8417424136537808,0.38899691783998896
Cancer,0.163094922640812,0.611205893188395,0.96130705779608,0.8501847033338821,0.880824236361685
Cancer,0.0379837139046126,0.0606689706803042,0.980961834956754,0.9756264440409301,0.9720700885534321
Cancer,0.0732672413196421,0.186257256145292,0.979926678837264,0.53271920158219,0.955492295688992
Cancer,0.177019659160797,0.11953595932795,0.9631749788065551,0.690060823045542,0.9214317400913599
Cancer,0.0308491897948884,0.134759676939569,0.9740050275104358,0.9769006549835392,0.9724883168714559
Cancer,0.0784909610478191,0.112592540009321,0.890453171447241,0.5775598176426989,0.937673037863965
Cancer,0.285866431564604,0.244224071411383,0.347269305467292,0.813327779216168,0.964326270251355
Cancer,0.392491472286848,0.25166167552747304,0.910847294671008,0.702665014069368,0.7906899828407951
Cancer,0.0722933482742733,0.10543312853170801,0.9776713058339069,0.849167613074249,0.9663074328096349
Cancer,0.208349436905929,0.127836381310579,0.977344128787504,0.949385601403181,0.969880943134053
Cancer,0.20583241283459802,0.6761994854346889,0.969618473910539,0.887341679017624,0.9023605523005171
Cancer,0.129420676581686,0.131088475195815,0.980760286501655,0.9201936915232579,0.951686581960345
Cancer,0.325879603737609,0.21439256315381602,0.97574024300312,0.9101586389313691,0.888008246694859
Cancer,0.274688048852967,0.11500740270606098,0.977407693807379,0.8890342719892339,0.9732559770590401
Cancer,0.0869992523164674,0.108012145948887,0.973443901278029,0.9567196319061221,0.967302198039602
Cancer,0.0333289513710376,0.21551096027069602,0.9803619555565609,0.9680780240714221,0.966956270195565
Cancer,0.27753691249865003,0.15617381785756798,0.969034000370663,0.7911879027879621,0.9361403316530369
Cancer,0.0705409108097526,0.19320489591535603,0.971105252778282,0.8694130238611099,0.94498590335122
Cancer,0.26177900703841395,0.34295429949829,0.927638158244578,0.850155517825381,0.81432420328457
Cancer,0.128996687602672,0.18443095155886702,0.97902619909952,0.89768146886235,0.9604606911385909
Cancer,0.21804878561275,0.22858346065386198,0.972562558841895,0.719063655877435,0.9459140234548509
Cancer,0.31989785251293,0.29456381927699,0.9254626552937829,0.756997314044261,0.8003112925060301
Cancer,0.20239750702963896,0.11848433852656201,0.9802900940473109,0.941185015892028,0.9742140945117711
Cancer,0.242737927772712,0.271391850270381,0.981095357549356,0.779308050055082,0.955604879547127
Cancer,0.312235380029013,0.267151538493265,0.875868986142366,0.648939876678172,0.776729467045587
Cancer,0.0707558646466072,0.229299492815254,0.27105324021249105,0.9250910116167241,0.8651196846934449
Cancer,0.34227520063781997,0.432549409007845,0.7782547457982271,0.546719328705093,0.603763996724976
Cancer,0.19202716809057802,0.745386884873125,0.976758843677894,0.9222845710308051,0.9706690951195459
Cancer,0.061185972023077004,0.10172124412732302,0.9823088964066391,0.956687557711145,0.966680960090922
Cancer,0.11724399811433998,0.0811218369990748,0.97640679828135,0.9658727033710429,0.9718746947486658
Cancer,0.16960765994475901,0.591033947422463,0.968207651855015,0.7498711166421491,0.953655035703478
Cancer,0.20188331982236898,0.431207932570031,0.729016392127189,0.7712803289804759,0.665704873713968
Cancer,0.0914302629632432,0.550785877178536,0.979969292590636,0.9488835005719259,0.955218493565803
Cancer,0.07286725848744902,0.0686623067258987,0.9793016229433771,0.9637607965564259,0.9562064850650899
Cancer,0.14723631879486,0.179495866951426,0.977992128317105,0.732637709747699,0.971389999129949
Cancer,0.0266985669674187,0.0469995631528751,0.9729121256793142,0.974706499501917,0.9554023551972229
Cancer,0.16503307336954298,0.184866653248459,0.9724334948839191,0.8578488260419741,0.958986720347351
Cancer,0.201670615687674,0.119308036969266,0.973612961078529,0.944154943158556,0.9483718093337901
Cancer,0.0368640777190637,0.0568183706428528,0.948849328925962,0.946744010229425,0.971486743041473
Cancer,0.107633052324783,0.222169778376154,0.9693973021779859,0.856759927786754,0.974085803352818
Cancer,0.558656774764178,0.459890119399428,0.9660589900408479,0.5692846088363349,0.9374835211840921
Cancer,0.21284165786203998,0.29600230249985304,0.9661482120655001,0.8234490274449541,0.935308951219593
Cancer,0.179882529939464,0.142902705687897,0.9686300037028169,0.8296686666586751,0.9186599913033481
Cancer,0.0846322063600361,0.24133905595618102,0.975884796216547,0.8824087086492859,0.9672788918390849
Cancer,0.0367981115022903,0.129630688065196,0.975588413874125,0.977619309805331,0.972787125012425
Cancer,0.0879820749076972,0.15241275157300302,0.976282293609318,0.9655483799836669,0.958673727468862
Cancer,0.15120713037052402,0.47179662415709006,0.6667080480762679,0.587800679586852,0.489948688412015
Cancer,0.393808899619209,0.362101090224455,0.9587386626168901,0.75226565685286,0.913691427988393
Cancer,0.151470299771067,0.15294510436805803,0.3824038534334,0.579635677939111,0.256433085841194
Cancer,0.0375070568184169,0.0618184114758253,0.9734766156159741,0.9408897350124641,0.958695901497249
Cancer,0.10146229382070598,0.1436074566693,0.9788067383478901,0.9512879185080899,0.9732812790325269
Cancer,0.16845323082187103,0.17871411664431502,0.969213715207902,0.874157972027476,0.963171895203365
Cancer,0.18935085995186102,0.21621319786643103,0.9714369438335791,0.8872288598557522,0.9466905782447521
Cancer,0.0750941289440041,0.17482780141551,0.969445339893078,0.959271573893756,0.969169747856154
Cancer,0.20142084910349303,0.189139679807173,0.974951977006625,0.798720323040034,0.9650474674170358
Cancer,0.154163800984766,0.24714552436470497,0.982108664872042,0.8731763377854441,0.953205667298038
Cancer,0.0545403972872626,0.148305726654958,0.9836277145013641,0.9760244242579229,0.970691749794436
Cancer,0.345129554723975,0.36564134180371294,0.947209831948825,0.77087900719665,0.331409102871143
Cancer,0.10032149691890599,0.720316246845642,0.919839232644223,0.871181194789982,0.69384603531748
Cancer,0.405477188323849,0.30082476931239394,0.977253975586562,0.7257191552909,0.973260852335173
Cancer,0.0670666014820134,0.0832055691780021,0.9751788172446809,0.936283959287955,0.915102397654903
Cancer,0.167188982823154,0.36268952173710206,0.9811547007596801,0.8715860984694008,0.948928491910894
Cancer,0.12486464746171999,0.32436380924314195,0.978273953380021,0.9726356330762571,0.7954188855516079
Cancer,0.175686269121328,0.131518508077832,0.976619772806443,0.83195166097391,0.964002453069952
Cancer,0.15112633289604302,0.225379508419462,0.971446028645177,0.7940990366298059,0.935581867238705
Cancer,0.075705142845202,0.20130775512972002,0.9790839350779991,0.9582481429030649,0.9788933264164409
Cancer,0.18311090466767002,0.12637337132332901,0.9194703634623241,0.950182119012071,0.976819204026708
Cancer,0.154275646110724,0.22442648782502697,0.730007533304335,0.898307982137215,0.9450066459774101
Cancer,0.0279937792962358,0.0389686004881799,0.9733889857857808,0.977486182548458,0.9703192401954059
Cancer,0.0730292217079828,0.0938616262109409,0.973053203345792,0.957772475577632,0.950248739429358
Cancer,0.232761331740615,0.37136059470530397,0.9698398467312349,0.80420090917164,0.967029188568673
Cancer,0.0759147980412858,0.177377878069158,0.9781297315218399,0.970720058567667,0.973997015559683
Cancer,0.38373653107449895,0.349209440029706,0.9370330662013342,0.610619515900255,0.806204763022037
Cancer,0.202379046642453,0.117116772924782,0.97309911373902,0.8759672353521321,0.9425202003955842
Cancer,0.0484683411864675,0.227456729801544,0.9733241287216559,0.980260817213494,0.9675998581750459
Cancer,0.115231889031204,0.14867612757999998,0.98105531129044,0.955255376096807,0.9517938821780071
Cancer,0.326607007231761,0.14617096443413502,0.972700172865298,0.9406694755893259,0.974834048115164
Cancer,0.21771383333997302,0.30168217835510996,0.963508593286047,0.811053742892389,0.817973833827452
Cancer,0.0645500632143409,0.0655987139155456,0.983309781243271,0.965697122464662,0.9724309032738221
Cancer,0.36234039612978897,0.0844414577067347,0.976836547493912,0.8688741384630271,0.95647172919125
Cancer,0.21429268671827398,0.24358982550207398,0.970185715292702,0.877637153711381,0.951880543382465
Cancer,0.053497980628792,0.08336497130931599,0.9815564367123472,0.947559229433721,0.973723615822463
Cancer,0.43322832882074697,0.10945500161103598,0.9736541302262591,0.913886720949717,0.964037851599471
Cancer,0.203808263364922,0.125377952848315,0.961451799009379,0.7260915234523929,0.9670206164983108
Cancer,0.39531990806419204,0.43112557009603003,0.9782473283919699,0.9616026075219859,0.961436410226585
Cancer,0.0822650861999321,0.21474547781614,0.966611440957696,0.9225908107664309,0.8678416451583859
Cancer,0.0717620919895439,0.15445960528041103,0.9649650936631959,0.822738194626991,0.942408090271437
Cancer,0.188255443138198,0.18603928934205,0.977988791939509,0.908582800466137,0.966093278425771
Cancer,0.07047772080047099,0.0768501446710107,0.977340279732092,0.95736670225872,0.950864135551155
Cancer,0.0460662864617495,0.143997563955168,0.973122071952272,0.370546972728137,0.949842235832673
Cancer,0.0590645459335797,0.0934387941364472,0.9819167808185559,0.9786044541098929,0.8093385978609391
Cancer,0.12272158742188001,0.0576304806687263,0.9780045270979929,0.9279786465465211,0.9369965356375949
Cancer,0.0328812167779357,0.16183797329235,0.975458985574664,0.943780123159572,0.954123152460822
Cancer,0.113358420143057,0.200084791569718,0.98255990444079,0.8623404893637121,0.902611573148359
Cancer,0.119325382249931,0.20576002035660895,0.9796820899271821,0.929075267590909,0.965977769325912
Cancer,0.0684039695565502,0.127239570651935,0.977008626413326,0.9678382506497291,0.9723092867119258
Cancer,0.772372404854141,0.47646324211106394,0.975823412764235,0.7233183379506309,0.941830538179489
Cancer,0.38713300218665203,0.163201566442593,0.9773814641758759,0.869301514840961,0.960775222235369
Cancer,0.316805222172922,0.28775632238603005,0.971018243255914,0.734909254980855,0.9507794618731842
Cancer,0.0660297599949679,0.08953517877742599,0.980825279343206,0.964178072614498,0.9589084859117879
Cancer,0.0910047067691081,0.147584898276206,0.964655740248605,0.8696329468863421,0.952070201035234
Cancer,0.22353208589843698,0.19460714063213896,0.9758204434445791,0.7409159208235792,0.966686494164903
Cancer,0.16002248469747,0.210448379528413,0.973752158726292,0.9050789096599008,0.9396194546859771
Cancer,0.16876889280286,0.152040299350641,0.983766054901244,0.928468755345836,0.9760869034933861
Cancer,0.0506790585624761,0.24250692149802397,0.62068345507917,0.5823951650957919,0.9575315532009029
Cancer,0.20238030434760199,0.243605568111381,0.9389376586169941,0.705769259061858,0.918123293554943
Cancer,0.0867390800968371,0.11145483953215199,0.977329208032735,0.952286844447667,0.9625100861876729
Cancer,0.46015421392049105,0.257980566612383,0.9790431017916691,0.8846854069596921,0.9669009659881079
Cancer,0.0514355946788167,0.672273405875449,0.9788011600398129,0.807994935499285,0.9511874995804781
Cancer,0.0504468016217955,0.6466635796383671,0.9745768938431201,0.971114063734925,0.978586192732858
Cancer,0.39208774603860497,0.288376712962466,0.966720541622148,0.8046946139952171,0.914364150983842
Cancer,0.294826535848738,0.27309799510846,0.9683206219934809,0.5392192060595971,0.903073293760357
Cancer,0.7590744511788722,0.694560804653316,0.48140019059465206,0.34834027048923605,0.44179457577582104
Cancer,0.545361562804104,0.8306772139839709,0.40024720573767797,0.7055164341112199,0.699835375038322
Cancer,0.0526228329895478,0.103742969613635,0.97817778996403,0.979323381752771,0.97190724291618
Cancer,0.0270659737634331,0.0907856620743671,0.979089942849348,0.969252891180274,0.96156812949249
Cancer,0.0599359237155335,0.0774974336696069,0.9751225580901,0.93362203210332,0.954861317144947
Cancer,0.290082502323659,0.0711007759840442,0.961741885288742,0.9508806231447829,0.899950597742778
Cancer,0.21229643936248702,0.202175525340859,0.980938215569987,0.8544258472400741,0.964794039248243
Cancer,0.220807529044268,0.37681863830944107,0.972385436245739,0.870049014827154,0.958553758752729
Cancer,0.0917520738053196,0.077317758316465,0.938186158776772,0.8796622642868249,0.959513162729385
Cancer,0.0701328292825941,0.0686690023193837,0.9757903586172231,0.9252906534075709,0.97235580945609
Cancer,0.536208181126395,0.141363295990302,0.9776929565042279,0.773270291865595,0.9552907186041569
Cancer,0.241195691859374,0.455915411627573,0.7690397955972071,0.732039415055631,0.967757985571273
Cancer,0.0395734729791579,0.14265178736630402,0.975886579847605,0.96726839295204,0.9672791648452971
Cancer,0.111545559954678,0.138470478752624,0.9703162259354431,0.8844579466518059,0.962506283449913
Cancer,0.0331745776714107,0.0525422638611407,0.9793079033001859,0.973726074925424,0.969514679896641
Cancer,0.397078213759891,0.210918601478211,0.9638001979239079,0.84706327834726,0.9502968898300341
Cancer,0.0758675330983499,0.0581167871943251,0.9795789272784059,0.9514490901689949,0.972508369883973
Cancer,0.42172113282669105,0.573063097138834,0.7655259007496921,0.201581068082508,0.8127767827757509
Cancer,0.0486397150896717,0.20737959719269802,0.9388666569332349,0.9509956895358771,0.9514388576877091
Cancer,0.118925599235389,0.29179978879332,0.978892771340765,0.8865485592335629,0.968206369762024
Cancer,0.133119261798968,0.165869597519096,0.9759780326315279,0.9749859281905601,0.96965163383714
Cancer,0.10632610225208802,0.0872396534889659,0.9713686449489141,0.8093668817247951,0.22823486675843
Cancer,0.0674591288251595,0.22896090373370004,0.976784407402912,0.9342535772966001,0.9172909715738891
Cancer,0.17210039901537302,0.601393164048269,0.9822148654532249,0.951893038305708,0.975754951634613
Cancer,0.19481579331788898,0.23887976303511801,0.7585809653540891,0.528065938970963,0.6116631279642171
Cancer,0.0841001752593256,0.128139182906995,0.973115946712279,0.9587161579807479,0.963077657412346
Cancer,0.0337749225713531,0.0535608812016235,0.981497815921962,0.95706939217093,0.972999918081295
Cancer,0.100546608581707,0.0614778819591786,0.978952236792333,0.9105958863276591,0.9571331504983092
Cancer,0.151672200836201,0.0887530589395251,0.9794954510931891,0.8603620231009741,0.9571780166249191
Cancer,0.0539930717693888,0.0573856098862066,0.960162164498248,0.9606976389128872,0.929257803314595
Cancer,0.0865792259583139,0.10223056322473699,0.5303520665871501,0.8600369846112071,0.9395494567772908
Cancer,0.0979284455670314,0.17322250771696898,0.9755565374249721,0.9730071980312001,0.969211827306098
Cancer,0.10143072932740402,0.220448538557371,0.976194562561932,0.950127135895266,0.9716800194941742
Cancer,0.0358130131737814,0.0691707675682878,0.98100712090064,0.97642740555812,0.970834940361568
Cancer,0.285737662404021,0.34117296626827004,0.887901115679873,0.6263603661802989,0.7253552342719499
Cancer,0.0310261361544887,0.0848572045118453,0.977630011861874,0.9540086884661558,0.967827257188359
Cancer,0.454779475455469,0.184997087178755,0.85259541377031,0.913884866324054,0.965213072826196
Cancer,0.114467646066187,0.185124604431318,0.8193973826689921,0.894789569015627,0.8804809945301411
Cancer,0.23582707471831002,0.170830427061401,0.977814228110749,0.897531661655502,0.956628058264769
Cancer,0.0480594840035514,0.178636265863913,0.9804171568606809,0.95490699661124,0.976709029894074
Cancer,0.0597988923030937,0.117100410913812,0.9797472203336508,0.964022367048334,0.95869914595247
Cancer,0.19692755161525,0.46840899297902705,0.9775879338920741,0.9373337030114749,0.9749747658801059
Cancer,0.21563085579711602,0.12384692621019801,0.9753578101399051,0.937140728100801,0.9677390808711659
Cancer,0.08413830910530999,0.10062842125099199,0.97872913463854,0.971134460178823,0.7727861586790691
Cancer,0.18043468952206002,0.142329363516833,0.9705492707198471,0.509308842533014,0.9348023066774009
Cancer,0.0396052600180076,0.10662970279102002,0.977309820582863,0.9457762056195609,0.948279059200004
Cancer,0.408354491492354,0.597971662562,0.9745065114179631,0.21999304426704,0.7537683171650341
Cancer,0.7189039644477969,0.162871317734566,0.330334696194318,0.829006438066168,0.9466182526394209
Normal,0.5335495881923029,0.6717075677960229,0.49373098394190207,0.43995862919919393,0.498515735291772
Normal,0.630690063366954,0.716414080818961,0.48568736160073994,0.35152401806152594,0.43052230836721705
Normal,0.80715175922162,0.7045567735680409,0.42137893937988796,0.195508353217666,0.37284499946397903
Normal,0.6377626059073671,0.7065791820295579,0.43215837991280803,0.465045395969835,0.382085067718898
Normal,0.8068011283617009,0.796652046391074,0.364989589215496,0.125164670667946,0.387685115951017
Normal,0.658738113751346,0.525150205817582,0.978435004257262,0.714764303183093,0.920957806786398
Normal,0.534361463191264,0.7433293396246371,0.43048463770403705,0.495028857538055,0.354107183165233
Normal,0.455154788042017,0.570941679581614,0.564609723450885,0.393488181604017,0.522233461862431
Normal,0.596144413066419,0.668650315974206,0.553284962982772,0.48589461517013,0.698122447499526
Normal,0.5241545668939099,0.606838762847861,0.539261056283776,0.279401578181391,0.58694899303239
Normal,0.7722311643882729,0.721437730044888,0.399411931012561,0.265254634838065,0.500626148510928
Normal,0.7143988388998821,0.749448156875595,0.475513034533846,0.288556051721799,0.427909731582445
Normal,0.49450469402584396,0.678221643930214,0.545101811693411,0.586847664766088,0.44657218575760405
Normal,0.598538058679387,0.653491909693047,0.50398814144784,0.387498200124,0.44995603428821707
Normal,0.8046549851788058,0.735394014638045,0.38325064229980393,0.18629086631787697,0.36626236083315
Normal,0.344814822529771,0.593364973796342,0.49413087564898295,0.348320585843361,0.41607696428018703
Normal,0.686949117195371,0.73163371377132,0.43211601182644704,0.33924217649168,0.413975405101735
Normal,0.855131660223141,0.6871115840816601,0.38553812068423504,0.179153375636763,0.33887641221521997
Normal,0.620934164642903,0.520161108236176,0.642345028584481,0.35105367258526504,0.587692028100827
Normal,0.6836428696328131,0.593270526570475,0.373167860011925,0.278769728089888,0.32556372076329
Normal,0.819791946549322,0.733698362932663,0.367826347235126,0.20535229561685,0.345370769987863
Normal,0.7987648321141121,0.708588178610534,0.41680639809027203,0.179402455517251,0.5525078772362979
Normal,0.557307716417321,0.6125605941934009,0.47658602659542704,0.6178927871677701,0.41164214076889394
Normal,0.408484253571573,0.687918227418527,0.604136516087312,0.527305068566409,0.58278885182788
Normal,0.469530991029155,0.786398191491552,0.43501172132171206,0.38038726989220095,0.412662830339519
Normal,0.544329901958032,0.6995557414689789,0.49483310109046297,0.288234999693573,0.37748398996985205
Normal,0.7194591509916659,0.6829049303348361,0.596355064740086,0.37422686776027203,0.492869617302183
Normal,0.7468035524496801,0.666041115707416,0.460602415837617,0.34193327052357503,0.40138845596788003
Normal,0.836959145797876,0.7119625326705659,0.40447976502715605,0.368692857742154,0.585140701341921
Normal,0.778195948049109,0.814875927902549,0.4302313468617371,0.345703065695798,0.46224299705234495
Normal,0.630178615634561,0.5789685833378589,0.676137489805207,0.392075831940701,0.5706807836850629
Normal,0.38335169688977205,0.5850084063695999,0.7080865131785141,0.6343030064184679,0.9206963434749169
Normal,0.34562185235305704,0.774048823652062,0.32740396397495003,0.192229423088632,0.33529578976480107
Normal,0.48516075046784296,0.6749381668966179,0.661731250953968,0.41469816856995,0.466402778103471
Normal,0.841976706246244,0.714271111187413,0.334099076299937,0.147182840040457,0.341653959016477
Normal,0.45175350547440296,0.4330046069327079,0.9309420309800219,0.566533668999396,0.836575280964172
Normal,0.503049086841744,0.479088126040169,0.9774161057709241,0.792201443934559,0.925219682297926
Normal,0.8179510705545101,0.7179223089457959,0.466872444359681,0.33991555051504607,0.6234961114783
Normal,0.7338987934237181,0.772267467803198,0.404634089552301,0.168620619525141,0.36571989998487303
Normal,0.6103022835082641,0.58762246581803,0.445524755566693,0.26261879588116,0.44144006487220205
