Label,ENSG00000263761.2,ENSG00000160339.14,ENSG00000104938.15,ENSG00000182566.11,ENSG00000165682.13
Cancer,-0.491049547234434,-0.522060032728823,-0.451311362308343,-0.548344225954788,-0.420482194652188
Cancer,-0.491049547234434,-0.688503232512904,-0.435591381085541,-0.584401933644291,-0.480802133268568
Cancer,1.45537232024801,1.01360287432204,0.323693257847476,0.965104276953149,0.903564154725196
Cancer,-0.491049547234434,-0.72788622983501,-0.451311362308343,-0.584401933644291,-0.480802133268568
Cancer,-0.491049547234434,-0.687193068266223,-0.446698725922422,-0.56708929487314,-0.451902486449201
Cancer,-0.491049547234434,-0.678464333127381,-0.451311362308343,-0.549799183539833,-0.411567227345814
Cancer,-0.491049547234434,-0.728330958422025,-0.451311362308343,-0.503013086365334,-0.480802133268568
Cancer,-0.491049547234434,-0.447344858777333,-0.434068491911353,-0.552192481580228,-0.469902642489442
Cancer,-0.491049547234434,-0.391281619395706,-0.433326072313212,-0.573065424452767,-0.458132540034286
Cancer,0.121160029320047,1.23961447115695,0.875498042695796,0.886839597734313,0.186159362610123
Cancer,-0.491049547234434,-0.746518495412608,-0.443067701086394,-0.485887994569996,-0.480802133268568
Cancer,-0.462509499394384,-0.716321688811353,-0.443253166914372,-0.47891054460126,-0.460537677614704
Cancer,-0.394593977939874,-0.2312261590044,-0.429074821711597,-0.429473113330847,-0.480802133268568
Cancer,-0.491049547234434,-0.492814940896161,-0.445511043702713,-0.541482441056702,-0.458947424457267
Cancer,-0.491049547234434,-0.691343941871981,-0.446320295528129,-0.517638359251546,-0.468236270970455
Cancer,-0.491049547234434,-0.724436828524825,-0.439599757120582,-0.548088975550186,-0.436860434323033
Cancer,-0.247149349162851,0.839568104666207,-0.00580063708359772,0.00658056956169522,-0.361799750705487
Cancer,-0.491049547234434,-0.643706964891001,-0.451311362308343,-0.473598429419369,-0.480802133268568
Cancer,-0.491049547234434,-0.59212296660505,-0.44444469863477,-0.567206897787905,-0.446412338801177
Cancer,-0.491049547234434,-0.445645171350499,-0.430871069937581,-0.542179277689146,-0.480802133268568
Cancer,-0.205354036356729,-0.104846547750973,-0.405567167086863,-0.222171027911855,-0.34005662305313
Cancer,-0.480011799835691,-0.678544221191203,-0.445114422748807,-0.538617641319929,-0.44974457522776
Cancer,-0.491049547234434,-0.349759109534013,-0.451311362308343,-0.550299268436915,-0.460063236046708
Cancer,-0.491049547234434,-0.730658951697015,-0.451311362308343,-0.584401933644291,-0.480802133268568
Cancer,-0.491049547234434,-0.664385852473287,-0.451311362308343,-0.568178544938993,-0.480802133268568
Cancer,-0.491049547234434,-0.707412847410005,-0.451311362308343,-0.430616441359052,-0.471977317459284
Cancer,-0.491049547234434,-0.68322015220953,-0.444408662413005,-0.558601658762064,-0.480802133268568
Cancer,1.57506575501238,1.36475774575372,0.851199460313954,1.52303987664899,1.01646250328679
Cancer,-0.491049547234434,-0.723332114340208,-0.439007534803647,-0.524188817380935,-0.480802133268568
Cancer,1.21017073296468,1.80737618597913,1.90048879254672,1.61700109320419,1.96200200409611
Cancer,-0.0738268393837644,-0.538518626732648,-0.17929741060875,-0.0819431775203901,-0.338886350739119
Cancer,-0.404701847896715,0.449730881779748,-0.451311362308343,-0.575448609369185,-0.471828816995196
Cancer,-0.491049547234434,-0.657506112797801,-0.4372462213527,-0.540938996897533,-0.463071367835676
Cancer,-0.478015413406616,-0.692489371421539,-0.451311362308343,-0.504818309274273,-0.471571648387663
Cancer,0.261520059453551,0.503465246362922,-0.267158369824707,0.0506174715124424,0.131981073891037
Cancer,-0.491049547234434,-0.551744233436423,-0.435588933426143,-0.56469048608854,-0.480802133268568
Cancer,-0.491049547234434,0.254941744095127,-0.441846853081849,-0.515341408398273,-0.457013688776497
Cancer,-0.491049547234434,1.09028439654788,-0.441768939632939,-0.548904505134711,-0.480802133268568
Cancer,-0.475472023397639,-0.455722637387522,-0.433852430340906,-0.520359819081394,-0.480802133268568
Cancer,-0.491049547234434,-0.0589687610305699,-0.451311362308343,-0.574264889402696,-0.480802133268568
Cancer,-0.491049547234434,0.0665822181677657,-0.444379490763277,-0.525103540361128,-0.45470506066613
Cancer,1.64853743501491,1.84217983419731,2.39308024628119,2.36539043488645,1.04352821686948
Cancer,0.891478369725605,0.455741769892149,0.201339214859345,0.777932758437535,0.326871943085124
Cancer,-0.491049547234434,-0.456478543756927,-0.451311362308343,-0.565291883898291,-0.480802133268568
Cancer,-0.491049547234434,0.267227977358787,-0.440363360098236,-0.312619296431247,-0.296453847128405
Cancer,-0.491049547234434,-0.684733066852669,-0.451311362308343,-0.553053005482813,-0.459655540529521
Cancer,-0.19064728798663,0.3303560763431,0.397977495414824,0.825615835207043,0.0707266905633175
Cancer,-0.491049547234434,-0.624241824926646,-0.438744300161177,-0.444923181118762,-0.472863431443889
Cancer,-0.491049547234434,-0.746518495412608,-0.434809131393568,-0.543515178976339,-0.439433766885378
Cancer,-0.491049547234434,-0.44741262589354,-0.433256870306611,-0.573021822960166,-0.446772412847577
Cancer,-0.491049547234434,-0.630417998688334,-0.451311362308343,-0.576906776508546,-0.450950943603404
Cancer,-0.419026772682239,-0.462102112497832,-0.451311362308343,-0.525455077395223,-0.437773981314478
Cancer,-0.491049547234434,-0.729707898071018,-0.442417268978698,-0.50897922393624,-0.480802133268568
Cancer,-0.439943906957581,-0.0172286250639826,-0.37303221083264,-0.557224154384015,-0.462498896963454
Cancer,-0.491049547234434,-0.734173861219534,-0.438302275125449,-0.528542486974776,-0.472583705964157
Cancer,-0.491049547234434,0.0326105077176631,-0.451311362308343,-0.531262917324937,-0.480802133268568
Cancer,-0.491049547234434,-0.537659141356357,-0.429333828578744,-0.479300535729525,-0.480802133268568
Cancer,-0.491049547234434,-0.511413984058253,-0.451311362308343,-0.554711255027109,-0.460787057072094
Cancer,-0.491049547234434,-0.677986657600942,-0.451311362308343,-0.523373772257439,-0.480802133268568
Cancer,-0.491049547234434,-0.456791484586244,-0.451311362308343,-0.557048779491553,-0.471567620827102
Cancer,-0.491049547234434,-0.587685046921697,-0.451311362308343,-0.515525503589255,-0.462981064355168
Cancer,-0.491049547234434,0.339689206006167,-0.451311362308343,-0.52960248770601,-0.480802133268568
Cancer,-0.491049547234434,-0.693240484507116,-0.422641705271657,-0.566340257564831,-0.480802133268568
Cancer,-0.478910536213664,-0.0214489186424417,-0.430947503665128,-0.427071397780074,-0.463651691184464
Cancer,3.33792777219608,2.26101366949033,1.59411971605917,2.234864522175,1.91569772292703
Cancer,-0.468183575453528,-0.237254126633894,-0.339067265204086,-0.206580466425559,-0.401103928974636
Cancer,-0.491049547234434,-0.0924886907059549,-0.451311362308343,-0.469997067245781,-0.470648729085478
Cancer,-0.473922386794077,0.874680286096389,-0.451311362308343,-0.57230282223565,-0.480802133268568
Cancer,0.0823054933093484,0.043365093964598,-0.401388567466454,-0.0481629211277476,-0.24941624597035
Cancer,-0.446739870268225,-0.483050966640619,-0.451311362308343,-0.537911660485564,-0.480802133268568
Cancer,-0.491049547234434,-0.449937088710316,-0.444585661564613,-0.511033944275064,-0.463880046269113
Cancer,-0.468380168291897,-0.633044938607667,-0.438556164159311,-0.53722439195844,-0.480802133268568
Cancer,-0.491049547234434,-0.379021280883768,-0.451311362308343,-0.501783766504499,-0.480802133268568
Cancer,-0.491049547234434,-0.404981595912934,-0.430120862332266,-0.470977495253018,-0.376240201804431
Cancer,-0.491049547234434,-0.0933426665606039,-0.451311362308343,-0.530921856760591,-0.462518401502021
Cancer,-0.491049547234434,0.258710256898868,-0.451311362308343,-0.511491154371088,-0.473217299500744
Cancer,-0.491049547234434,-0.730477523149314,-0.451311362308343,-0.318165769635869,-0.470105223719556
Cancer,-0.480290982671724,-0.628870925011008,-0.451311362308343,-0.532525725554394,-0.473186041577898
Cancer,-0.491049547234434,0.61430029325308,-0.444723965446293,-0.53580589006582,-0.480802133268568
Cancer,-0.341813718045653,-0.355772201455071,-0.231570514758407,-0.125534375324549,-0.320938375672187
Cancer,-0.491049547234434,-0.701870378827684,-0.443295077518691,-0.584401933644291,-0.480802133268568
Cancer,-0.491049547234434,-0.731133652081767,-0.451311362308343,-0.496381420455975,-0.460346685120166
Cancer,-0.491049547234434,-0.590476721538152,-0.43629708579272,-0.494069935771835,-0.443142795534274
Cancer,-0.491049547234434,-0.60065886848639,-0.451311362308343,-0.566904109644843,-0.480802133268568
Cancer,-0.41799482737039,-0.267884863159743,-0.426286381371688,-0.196728951402872,-0.438874721215027
Cancer,1.65823817924917,0.704122024597229,-0.0521237037525723,0.684371222231173,0.610765568039462
Cancer,-0.491049547234434,0.510368676981472,-0.439197784693175,-0.532289308572291,-0.480802133268568
Cancer,-0.491049547234434,-0.746518495412608,-0.443625900937704,-0.537103216143587,-0.471111645244321
Cancer,-0.491049547234434,-0.630761241886686,-0.451311362308343,-0.505532889291901,-0.460292097742748
Cancer,-0.491049547234434,-0.685131956219615,-0.437966055730037,-0.567654660893866,-0.472370916514506
Cancer,0.685700377858848,0.263018702823613,-0.333959445070614,0.356027759894025,0.184022729067118
Cancer,-0.491049547234434,-0.734403387891177,-0.444915528171316,-0.507066814024657,-0.472737361199152
Cancer,-0.116129149747799,0.173560599907896,0.1369112566565,0.129947964994859,-0.111818059023652
Cancer,-0.491049547234434,-0.533957293764494,-0.438569181257015,-0.568407634448034,-0.480802133268568
Cancer,-0.491049547234434,-0.626226905574582,-0.347600807178765,-0.19441928344759,-0.339043400270437
Cancer,-0.491049547234434,-0.746518495412608,-0.437305743978956,-0.491860187903764,-0.471952898790221
Cancer,-0.477410549088466,-0.637341263584798,-0.443650199520086,-0.41733978686204,-0.480802133268568
Cancer,-0.491049547234434,1.24635812564786,-0.451311362308343,-0.564713074084013,-0.480802133268568
Cancer,-0.491049547234434,-0.746518495412608,-0.430867843477466,-0.567264548650344,-0.455036257863223
Cancer,-0.491049547234434,0.369765684654742,-0.451311362308343,-0.538067172475841,-0.480802133268568
Cancer,-0.491049547234434,-0.702337971929516,-0.439430757364914,-0.540390708128075,-0.443584687320376
Cancer,-0.47825506761949,-0.574490844491287,-0.436972194757432,-0.540109539058427,-0.462726112172473
Cancer,-0.473440023015814,-0.674247345261908,-0.402416806927869,-0.467324053518824,-0.480802133268568
Cancer,-0.470659461267882,-0.703837994292011,-0.41715071518524,-0.569999755061887,-0.480802133268568
Cancer,-0.491049547234434,-0.520131700153809,-0.451311362308343,-0.555955714295097,-0.452126535337024
Cancer,-0.491049547234434,-0.550424152050785,-0.451311362308343,-0.525082163518227,-0.474677100224909
Cancer,-0.491049547234434,-0.70403534535726,-0.451311362308343,-0.467350093299128,-0.480802133268568
Cancer,-0.491049547234434,-0.70050765374453,-0.451311362308343,-0.553576647297425,-0.46518811688157
Cancer,-0.477574392367068,-0.718127214148947,-0.451311362308343,-0.502235526413949,-0.461764690404545
Cancer,-0.491049547234434,-0.675336026738544,-0.451311362308343,-0.584401933644291,-0.456315324973525
Cancer,-0.491049547234434,-0.7174311962798,-0.451311362308343,-0.584401933644291,-0.294484395344545
Cancer,-0.448010514995287,-0.672325624112865,-0.43506446677162,-0.554030223935733,-0.470533626977364
Cancer,-0.491049547234434,-0.664601825721688,-0.442277507627104,-0.539835273558441,-0.458092391081521
Cancer,-0.10938159467856,-0.404137537197242,-0.380429816332416,-0.352820478185676,-0.426769115365952
Cancer,-0.491049547234434,-0.681090171142386,-0.4423862059558,-0.540359642064597,-0.469548989742427
Cancer,-0.455926646921642,-0.436155571272773,-0.451311362308343,-0.466923767593695,-0.406904122794164
Cancer,-0.491049547234434,-0.665898216164262,-0.451311362308343,-0.575084718578852,-0.480802133268568
Cancer,-0.491049547234434,-0.705705501748088,-0.429476015338286,-0.504912173598623,-0.480802133268568
Cancer,-0.491049547234434,-0.24504459023695,-0.437525477038498,-0.485411406032815,-0.47209202694357
Cancer,-0.491049547234434,-0.731879696407431,-0.451311362308343,-0.546108983325071,-0.480802133268568
Cancer,-0.448654144098467,-0.374239567049898,-0.451311362308343,-0.479375021612718,-0.460631780680646
Cancer,-0.491049547234434,-0.718261646477033,-0.436281509778373,-0.556279758165803,-0.480802133268568
Cancer,-0.478786794436818,-0.733479936968611,-0.444425061730968,-0.558662155833048,-0.463477036907297
Cancer,-0.478519069172715,-0.610980957284358,-0.451311362308343,-0.566783599963904,-0.471929037393689
Cancer,-0.401997765441417,0.536445242917303,-0.317178514756267,-0.217982862317013,-0.416927555824804
Cancer,-0.476885314895232,0.348019602730227,-0.404150751096463,-0.428146295687947,-0.470769403918897
Cancer,-0.473882953650684,0.39431611309549,-0.451311362308343,-0.548514816794589,-0.480802133268568
Cancer,-0.491049547234434,-0.731205992100938,-0.451311362308343,-0.534641911886259,-0.460443194590218
Cancer,-0.491049547234434,1.72872225500513,-0.442159129918064,-0.528335319327293,-0.446400433433481
Cancer,-0.491049547234434,-0.540792957266837,-0.44545251126594,-0.513313938992325,-0.473414333336124
Cancer,-0.39062011007541,-0.335992467804907,-0.375313540648298,-0.358520767766974,-0.294338744569533
Cancer,-0.0664777617881889,0.680337419664842,0.281470020669211,0.858898307892491,0.12318630013726
Cancer,-0.462894664770772,-0.213724061601409,-0.443362766426755,-0.50745862188178,-0.470779941435837
Cancer,-0.491049547234434,-0.323761329757676,-0.451311362308343,-0.555695800953092,-0.471104527354272
Cancer,-0.491049547234434,-0.558925343945775,-0.451311362308343,-0.436039377001304,-0.438200421453144
Cancer,-0.477104822877462,-0.622150410511003,-0.427925089338273,-0.499492871414087,-0.461101409440425
Cancer,-0.491049547234434,-0.6633087409921,-0.443654694312797,-0.386003636360199,-0.471147931285226
Cancer,-0.491049547234434,-0.241553206371846,-0.303064420612675,-0.526095232087286,-0.480802133268568
Cancer,-0.285591412584062,-0.524456123691318,-0.440999562404253,-0.509397677149953,-0.454892253575233
Cancer,-0.491049547234434,-0.684719844000726,-0.451311362308343,-0.518819233009491,-0.438741862377646
Cancer,-0.491049547234434,-0.726297944935796,-0.451311362308343,-0.435129195843258,-0.480802133268568
Cancer,-0.491049547234434,-0.730098412965066,-0.41684620410475,-0.490707170654981,-0.480802133268568
Cancer,0.675617714560253,-0.186899853578637,0.224459583013057,0.95679577030751,1.100813299946
Cancer,-0.476306993952054,-0.730855035572285,-0.443028605290382,-0.523693516536513,-0.480802133268568
Cancer,-0.475563588493315,-0.581961204886891,-0.442609766264582,-0.510548877669877,-0.363594928170724
Cancer,-0.491049547234434,0.338906853932876,-0.451311362308343,-0.575411548100474,-0.409931759121699
Cancer,-0.491049547234434,-0.693551441908641,-0.444139241867694,-0.584401933644291,-0.480802133268568
Cancer,-0.273980118230445,-0.528444466408612,-0.418713768224995,-0.420691046029458,-0.439734314093294
Cancer,-0.491049547234434,-0.729993732053851,-0.451311362308343,-0.562557222505406,-0.458824444542017
Cancer,-0.491049547234434,-0.672947649106348,-0.451311362308343,-0.525185656505526,-0.450434706595622
Cancer,-0.491049547234434,-0.71583944038195,-0.445847352103921,-0.570697863404532,-0.480802133268568
Cancer,-0.491049547234434,-0.391020468069833,-0.451311362308343,-0.555201347915471,-0.480802133268568
Cancer,-0.468398595886751,-0.746518495412608,-0.451311362308343,-0.537262058803437,-0.480802133268568
Cancer,-0.491049547234434,-0.460375428414948,-0.444628673615661,-0.543143839597687,-0.472375729322724
Cancer,-0.472348498329929,-0.707311141640477,-0.451311362308343,-0.532719388850697,-0.454384755613951
Cancer,-0.491049547234434,0.419042846228812,-0.451311362308343,-0.570796996242571,-0.480802133268568
Cancer,0.0206971742428927,-0.691753574806131,-0.412110428199688,0.347489134259658,-0.407229367307408
Cancer,-0.434310982677621,-0.241948790025806,-0.419182494999605,-0.199796195292097,-0.264872959520335
Cancer,-0.491049547234434,-0.599603244139611,-0.443628715746011,-0.56518106343793,-0.451894000708396
Cancer,-0.333370442330742,-0.0438396145991749,-0.239701194247715,-0.0387698273536578,-0.0765097781037496
Cancer,-0.491049547234434,0.590780145359553,-0.444379379506032,-0.500871163041308,-0.480802133268568
Cancer,-0.491049547234434,-0.746518495412608,-0.451311362308343,-0.499290608934521,-0.480802133268568
Cancer,0.0690882292901785,0.680937957523919,-0.434800564585677,-0.437021016161113,-0.47383839240125
Cancer,-0.491049547234434,-0.714825853685307,-0.451311362308343,-0.529080723177884,-0.459519642023793
Cancer,-0.491049547234434,-0.686778201286513,-0.435108747155264,-0.275994648222674,-0.440180132117679
Cancer,-0.491049547234434,-0.567968121818261,-0.451311362308343,-0.549738020334934,-0.471987120389707
Cancer,-0.477804880522398,-0.746518495412608,-0.451311362308343,-0.538583910720792,-0.471422223357786
Cancer,-0.491049547234434,-0.746518495412608,-0.451311362308343,-0.563969184174136,-0.429857671713296
Cancer,-0.316717816327827,-0.223847256668068,-0.315258214701731,-0.275718505436201,-0.309968972521054
Cancer,-0.491049547234434,1.04832938923722,-0.434423180009491,-0.552846625084501,-0.438472218464602
Cancer,-0.491049547234434,-0.644451852217121,-0.451311362308343,-0.540440425941166,-0.471810971608936
Cancer,-0.491049547234434,-0.567627082428566,-0.43385376542785,-0.573397704160964,-0.480802133268568
Cancer,-0.491049547234434,-0.165379662041482,-0.451311362308343,-0.546131995223944,-0.471052346380964
Cancer,-0.480150913854877,-0.679368996581145,-0.451311362308343,-0.455210711067459,-0.480802133268568
Cancer,-0.491049547234434,-0.735478736325437,0.610742513682061,-0.423457924080764,-0.473456724044295
Cancer,-0.491049547234434,-0.141435280981451,-0.445059417166712,-0.516014809228444,-0.480802133268568
Cancer,-0.491049547234434,-0.686501623300039,-0.451311362308343,-0.441843825703815,-0.100262253187036
Cancer,2.79964149493772,1.03556933711227,0.223874369902579,1.06071266100661,2.39105119142756
Cancer,-0.476053017774267,-0.599970178281028,-0.426165444746006,-0.542772197430892,-0.459616024840996
Cancer,-0.491049547234434,-0.697408382534751,-0.451311362308343,-0.158986409370112,-0.458577724794432
Cancer,0.28520667982396,0.296615765801999,-0.433707684664721,0.681640073180748,0.390379480575857
Cancer,-0.477012875862722,0.770104055792562,-0.412267634687351,-0.446309950813989,-0.451136616678332
Cancer,-0.491049547234434,-0.497682052315496,-0.427885259244442,-0.555123046901675,-0.465981343667571
Cancer,-0.491049547234434,-0.631552409194606,-0.451311362308343,-0.38394831044509,-0.460441801408891
Cancer,-0.461304067347559,-0.68479477349507,-0.423476357126184,-0.503263189371503,-0.431885890418552
Cancer,-0.491049547234434,-0.731381470365264,-0.451311362308343,-0.479600901567443,-0.460677502358715
Cancer,-0.461502760740782,-0.549858324178059,-0.393789141323635,-0.291224286242439,-0.408392673714788
Cancer,-0.491049547234434,-0.487225531189442,-0.433527670441764,-0.562124719921856,-0.458386478994198
Cancer,-0.481858951390374,-0.727074952773094,-0.435886435300177,-0.533748686864224,-0.429404254518041
Cancer,-0.491049547234434,-0.0149972687986094,-0.388627695197909,-0.426696546058963,-0.480802133268568
Cancer,0.191953501883896,-0.0573985473623443,-0.322719125574105,0.14889644698772,-0.27350688415736
Cancer,1.49118678050656,2.42298809626986,2.54865125243747,2.73838303679962,2.62633418685372
Cancer,-0.437829030138795,-0.381488995627621,-0.439196672120722,-0.350262523953083,-0.465529193000794
Cancer,-0.429748863974305,-0.479184384351634,-0.44255516120857,-0.541175353322008,-0.426256424637909
Cancer,0.116658158349132,-0.0907036056936564,-0.193371452144021,0.146110796071544,-0.175614365007453
Cancer,-0.476550658315103,-0.672312952213087,-0.451311362308343,-0.212449711790686,-0.460318821493642
Cancer,2.9072376433391,2.02433563875477,2.00329048723913,1.97483006491279,1.47998659579938
Cancer,-0.491049547234434,-0.680155205319586,-0.442253587319356,-0.584401933644291,-0.458032484284495
Cancer,-0.479986784136976,-0.667589088356467,-0.451311362308343,-0.523741357063117,-0.449674409550058
Cancer,3.04173044184667,2.07339241946312,0.532346208327017,1.68569766710225,1.96885392316408
Cancer,-0.491049547234434,-0.692647494692691,-0.451311362308343,-0.569757585105065,-0.480802133268568
Cancer,-0.491049547234434,0.245531481129058,-0.451311362308343,-0.560732257809539,-0.480802133268568
Cancer,-0.491049547234434,-0.33585032214652,-0.280136527493397,-0.416447772992578,-0.480802133268568
Cancer,-0.491049547234434,-0.621659512132621,-0.420073331763027,-0.574507907166318,-0.470883188837393
Cancer,-0.412673167127867,-0.567452430592486,-0.451311362308343,-0.366832302294044,-0.471328728225513
Cancer,-0.0649806390559735,0.753547943255657,0.928033713944451,0.816956094315451,-0.0103323985806195
Cancer,-0.441669417290273,-0.707260674422228,-0.451311362308343,-0.54956446217133,-0.471942196624579
Cancer,-0.216209130962952,0.107595097277491,-0.17377905123998,0.38229160342328,0.106432661425427
Cancer,-0.491049547234434,-0.560740731327109,-0.438437897707516,-0.375120824922241,-0.472669538599136
Cancer,-0.491049547234434,-0.579142533614385,-0.451311362308343,-0.534440678886379,-0.460358970446406
Cancer,-0.491049547234434,-0.681769495160955,-0.451311362308343,-0.451978750428409,-0.47189120618804
Cancer,-0.480872931846013,-0.693799039811273,-0.445598781166386,-0.515023480848057,-0.480802133268568
Cancer,-0.491049547234434,-0.367738331511279,-0.439773985966782,-0.584401933644291,-0.466256686958768
Cancer,-0.491049547234434,-0.71988971012251,-0.437158216871637,-0.377718141613433,-0.445291461097823
Cancer,-0.491049547234434,-0.716194694337484,-0.451311362308343,-0.460534332198787,-0.460451173719631
Cancer,-0.491049547234434,-0.729910979038775,-0.451311362308343,-0.573356040512479,-0.480802133268568
Cancer,-0.279373770216596,-0.293544358307207,-0.334589161079228,-0.252073173768151,-0.237291768846947
Cancer,-0.240351189817587,-0.571615425145859,-0.392493105672691,-0.391404165679865,-0.365766137941188
Cancer,-0.491049547234434,-0.640505381864314,-0.442828965289347,-0.573736221304908,-0.47010708551642
Cancer,-0.491049547234434,-0.722106025393798,-0.438349559454718,-0.393413467797229,-0.33874576607802
Cancer,-0.491049547234434,-0.362570400210242,-0.451311362308343,-0.547813498897628,-0.462222413796627
Cancer,-0.491049547234434,-0.672907980550519,-0.444577495282805,-0.542834632345991,-0.463859528507764
Cancer,0.793143758634489,1.56452749100352,2.26199695982383,2.00624130687411,1.93955911945946
Cancer,-0.470097753804003,-0.681643327115333,-0.422009541603646,-0.403102688375234,-0.465944614341698
Cancer,-0.411753887939999,-0.725033234242669,-0.451311362308343,-0.556017483076282,-0.480802133268568
Cancer,-0.419724347853257,-0.505712731062183,-0.418831033361582,-0.459258382963921,-0.450026377814196
Cancer,0.0622022285601159,-0.352394864687975,-0.364428020507172,-0.313602752319915,-0.250302815905206
Cancer,-0.491049547234434,-0.746518495412608,-0.441556961203396,-0.584401933644291,-0.468503787115655
Cancer,0.365381994203338,0.755432199657528,-0.0252628670105929,0.68107083147179,0.278737528264803
Cancer,-0.491049547234434,-0.410241536225408,-0.415098575294979,-0.386735172513839,-0.355839467686294
Cancer,-0.477878877341114,-0.746518495412608,-0.451311362308343,-0.538834316515104,-0.471474708297929
Cancer,0.947658664090119,0.532230458860487,0.384615500249717,0.659348810088475,0.210265199138873
Cancer,-0.491049547234434,-0.423340423931395,-0.451311362308343,-0.56752530979915,-0.480802133268568
Cancer,-0.491049547234434,-0.123490768990536,-0.442143642909513,-0.584401933644291,-0.480802133268568
Cancer,-0.491049547234434,-0.648135518387562,-0.451311362308343,-0.526877576091332,-0.461097356549294
Cancer,-0.348193676015464,-0.576264359508136,-0.44366274933736,-0.565265480772216,-0.452021413473319
Cancer,-0.317732766241313,-0.556200334541198,-0.395839056068989,-0.462719251439127,-0.433950965102529
Cancer,-0.491049547234434,-0.632235589878326,-0.419370964773207,-0.477273066323577,-0.440561483842515
Cancer,-0.491049547234434,-0.746518495412608,-0.451311362308343,-0.466428406191645,-0.480802133268568
Cancer,-0.491049547234434,-0.68939412216256,-0.443557199588708,-0.51831297123429,-0.461300001105833
Cancer,-0.491049547234434,0.124988657104116,-0.383907495307195,-0.555918410795872,-0.466389039184757
Cancer,-0.491049547234434,-0.702293840661157,-0.42761323527959,-0.526141800903689,-0.450937391748685
Cancer,-0.491049547234434,-0.689578140185433,-0.426710605248162,-0.55366942158446,-0.465235738352357
Cancer,0.291824382411323,0.428150085504521,-0.126383464725946,0.600498906602817,0.402359573452726
Cancer,-0.465627200196363,0.170651572480446,-0.261705652230686,-0.139316686020475,-0.341225628838662
Cancer,-0.491049547234434,-0.573800501429432,-0.451311362308343,-0.360222437130986,-0.452636313049566
Cancer,1.32524294705053,1.08303386606582,0.62741218675107,1.11044258562323,1.16291119124031
Cancer,-0.157294296097759,0.532819977676277,0.258944878778057,0.271555923742404,-0.059030418573813
Cancer,-0.491049547234434,-0.689796317242491,-0.451311362308343,-0.521792612574366,-0.467872270685772
Cancer,-0.377077260053889,-0.617997884048751,-0.424901451181719,-0.444952854356783,-0.472425351908506
Cancer,-0.481213030772808,-0.593637534104683,-0.434804013560283,-0.556924151891869,-0.473839861574285
Cancer,-0.41120487928501,-0.303957905164447,-0.216107982801316,-0.138904288569624,-0.24924526462577
Cancer,-0.474803951474341,-0.679647778376275,-0.43310344656529,-0.507061363838082,-0.379723915037026
Cancer,1.49483410757101,1.07365115070797,0.368865924599654,0.990532425207551,0.982025593960003
Cancer,-0.491049547234434,0.149803542583724,-0.442164692780331,-0.465552137305621,-0.480802133268568
Cancer,-0.491049547234434,-0.746518495412608,-0.451311362308343,-0.516541660597373,-0.469084047138019
Cancer,-0.478399242066278,-0.576243974278057,-0.451311362308343,-0.566616218678419,-0.471844065998075
Cancer,-0.491049547234434,1.26745959354016,-0.442885639730122,-0.522679176257253,-0.470178517722599
Cancer,-0.491049547234434,-0.746518495412608,-0.441714067559538,-0.470677734991386,-0.456681098398078
Cancer,-0.491049547234434,-0.729513797623538,-0.433366347436024,-0.518632715513364,-0.413768580494062
Cancer,-0.491049547234434,-0.624645121910906,0.586857808252876,0.673040889917769,-0.461525443174982
Cancer,-0.491049547234434,-0.255674661294755,-0.451311362308343,-0.427936766292947,-0.297613987214589
Cancer,1.12924208323089,0.938100389727776,-0.0429405307223649,0.871585131086816,0.471538625469585
Cancer,-0.491049547234434,-0.684540784547332,-0.409562080995218,-0.446456500275232,-0.438616602711136
Cancer,-0.432042765354501,-0.645920690687117,-0.440091291630486,-0.49021968174465,-0.452619848179347
Cancer,-0.491049547234434,-0.746518495412608,-0.444357072428341,-0.57565220411658,-0.472033348679167
Cancer,-0.491049547234434,-0.48846076594178,-0.451311362308343,-0.508753949557802,-0.44603048046495
Cancer,-0.427989362844888,-0.746518495412608,-0.433336419237028,-0.561886970671923,-0.480802133268568
Cancer,-0.278612796480897,-0.746518495412608,-0.44375916486617,-0.547007537418423,-0.433678281521137
Cancer,-0.42703007763503,1.05315573019639,-0.391257816477702,-0.475647699571617,-0.450190013293601
Cancer,-0.464824597282651,0.00195552929658459,-0.407415817475401,-0.43036512720031,-0.471471731956005
Cancer,-0.405748783531839,-0.715813655820662,-0.443115308061674,-0.563908323757381,-0.480802133268568
Cancer,-0.491049547234434,-0.686325869559631,-0.451311362308343,-0.543935570034167,-0.470481332016492
Cancer,-0.491049547234434,-0.652494651911422,-0.451311362308343,-0.520672296445034,-0.480802133268568
Cancer,-0.491049547234434,-0.732740559164134,-0.451311362308343,-0.496879809739457,-0.444361575889006
Cancer,0.529963331397327,-0.304743562950724,-0.451311362308343,0.0148055066798493,-0.0321496181489615
Cancer,-0.491049547234434,-0.661349004143722,-0.451311362308343,-0.549385029917752,-0.468936585227283
Cancer,-0.491049547234434,-0.453280266443226,-0.42820701519796,0.0949880459968446,-0.480802133268568
Cancer,0.743389252527507,-0.127011353320347,-0.371267782178823,-0.0879959125002127,-0.310224811273684
Cancer,-0.491049547234434,-0.649537140693515,-0.451311362308343,-0.561920156252403,-0.480802133268568
Cancer,-0.491049547234434,-0.00738310988812574,-0.451311362308343,-0.572937890086909,-0.469303878486009
Cancer,-0.180157880884514,0.716490900685532,-0.18209775547391,0.589925544647069,0.88326170321698
Cancer,-0.491049547234434,-0.251044459306065,-0.438469939794174,-0.560334696977698,-0.480802133268568
Cancer,-0.491049547234434,-0.477440620751657,-0.440143248764059,-0.429328986174749,-0.39790480469113
Cancer,-0.491049547234434,-0.716021640262681,-0.443171748862234,-0.335259977040614,-0.480802133268568
Cancer,-0.468804862291444,-0.537298818640911,-0.426377612312865,-0.452243992841731,-0.403241322434728
Cancer,-0.491049547234434,-0.703048755316666,-0.451311362308343,-0.293437667568228,-0.470967995584304
Cancer,-0.478389121211073,0.157296492018064,-0.416071408648215,-0.264292492069588,-0.471836859451033
Cancer,-0.491049547234434,-0.730139513996522,-0.451311362308343,-0.562749492976251,-0.480802133268568
Cancer,-0.491049547234434,-0.305102783761841,-0.436624849637486,-0.356319497966908,-0.480802133268568
Cancer,-0.470172418981082,-0.702838511970774,-0.451311362308343,-0.540890611352272,-0.45131241083113
Cancer,-0.491049547234434,-0.700555145821091,-0.451311362308343,-0.538609950501095,-0.434403622380697
Cancer,-0.491049547234434,-0.728883343061942,-0.451311362308343,-0.473617202284238,-0.457340706429611
Cancer,-0.406701480637836,-0.496375193781801,-0.427127263631954,0.212548570422353,-0.470586669190038
Cancer,-0.491049547234434,-0.730901756315817,-0.451311362308343,-0.543585123037386,-0.480802133268568
Cancer,-0.491049547234434,-0.694227900975956,-0.451311362308343,-0.566682650397006,-0.445363399915394
Cancer,-0.491049547234434,-0.61607891766053,-0.451311362308343,-0.553651859872162,-0.480802133268568
Cancer,0.38058619215474,0.361809935402399,-0.18303565405211,0.187629106248296,-0.0653478626239052
Cancer,-0.459449086452056,-0.73522706137679,-0.451311362308343,-0.554779866820328,-0.480802133268568
Normal,2.49427810704413,2.20143921196569,2.35051322421483,2.05766078932901,2.4860028314507
Normal,1.94562272718892,1.84236715793317,2.01675261392504,2.15664223329619,1.48598994078683
Normal,2.633592633739,1.82956302963507,1.1327915482647,1.82641542870919,2.674500264886
Normal,2.1200356158967,2.12108834832568,3.01748928429225,2.37667837685982,1.39343203958781
Normal,0.702170637508539,2.72297053068231,2.61269092285408,3.18342710523598,2.9637880346297
Normal,2.67321673666435,1.96580799034227,1.26505416152265,1.90930671075403,1.82343112327803
Normal,1.89191535876601,2.48607762860267,3.18488693562797,2.72114833569649,1.39624373280978
Normal,2.79727359673881,2.14558368155,2.32186448354027,2.42795252100606,2.78030605396874
Normal,1.9171220170125,2.2843079269965,3.19864945687629,2.57818388606802,2.29867060421551
Normal,1.89150479577185,2.67709274396191,3.15713937864065,2.77446327192696,3.25146731320587
Normal,1.85069674374704,1.67762144176726,2.01223556976431,1.76396234632109,1.71824593314969
Normal,2.8714804709402,2.48437518641502,2.81612479595481,2.38381812127324,2.66145502155882
Normal,1.37004205329769,2.13256468190783,2.62369426441802,2.55859349321187,2.40813666060073
Normal,2.20406735802826,1.59094564728121,1.03607562489229,1.6770621492621,2.24089157503243
Normal,1.32186296333112,1.4834052943335,1.3967604885539,1.4322639913588,1.11463112564498
Normal,2.79151616684387,2.21743886281666,2.59000557052964,2.48843748046425,2.03538466413267
Normal,1.94618605780882,1.6974832672899,2.0981150374408,2.12958508483211,2.16073298763661
Normal,2.16395630829588,2.17515879372907,2.2985449649174,2.18856821510072,2.23580013054939
Normal,2.40407837202347,2.21966470956039,3.01614307162366,2.38475676451674,2.97259040755434
Normal,3.34487869916708,2.19144493970547,3.73473136781343,2.74059339024397,2.63333808933908
Normal,2.99678811595038,2.43455809171994,1.51898769828235,2.29014152557252,3.19532210575989
Normal,2.18686190417971,2.14125870706033,2.92391081523837,2.61584467530216,2.75514013310359
Normal,2.81266493503174,2.8395244610378,4.47100956601196,3.56526717668944,2.4101757714509
Normal,1.81089122926614,2.23396742774535,2.6683751741458,2.4513580444648,2.63288213908687
Normal,0.767306933931842,0.802720423918512,0.461058128376624,1.23752276926662,0.0865950258687719
Normal,2.20784835676523,2.70569267081019,3.39003417030691,2.56262663127747,2.55259689884322
Normal,2.01579080728491,2.33084685631405,2.68401794284034,2.22291650204975,1.95849372021104
Normal,3.08751298968451,1.72958174038142,1.32257415736245,1.96255503359303,1.43450555814123
Normal,1.94640566127082,2.25776305172102,2.36845901788787,2.3196209791811,1.9489060996298
Normal,3.81677789506642,3.00235286367197,3.65171121134214,3.4834538204339,4.31809960183182
Normal,2.46545276566302,2.10709416335272,2.02500790152913,2.29399299075227,2.9084280748403
Normal,3.12628732269169,2.59832862255506,2.28272418463032,2.37018659907256,2.60484119857584
Normal,2.12686241917179,1.83701741241791,2.15949565969383,2.05043626423553,2.26427169074307
Normal,2.13280126062229,1.85341374882717,1.69988085347757,2.1709096105973,2.52607579250622
Normal,2.19540734324433,2.29486417046429,1.80286055976253,2.19054844955635,2.94437215305634
Normal,2.59768269371437,2.3277449956291,2.41525381527707,2.17143646196623,2.37871520404827
Normal,1.63269734182139,2.43631011960239,2.22297904388376,2.62701755778117,3.71159710939644
Normal,2.39060617702885,2.34451597951008,2.5556382074447,2.30511137136553,2.54840468957982
Normal,2.23559477678958,2.31337616318443,1.43960565373361,2.13812371046648,2.63842953382212
Normal,2.46056420163946,2.59146375858801,3.62612204491437,2.63382423523722,2.17289166102893
