Label,ENSG00000151224.11,ENSG00000156136.8,ENSG00000218582.2,ENSG00000197744.5,ENSG00000238024.1,ENSG00000213867.4,ENSG00000230104.1,ENSG00000146670.8,ENSG00000178718.6,ENSG00000170075.8,ENSG00000196968.9,ENSG00000217130.1,ENSG00000123119.10,ENSG00000213398.6,ENSG00000273662.1,ENSG00000243101.1,ENSG00000122679.7,ENSG00000116785.12,ENSG00000248374.1,ENSG00000218574.1,ENSG00000184999.10,ENSG00000243977.1,ENSG00000233662.1,ENSG00000257365.6,ENSG00000124444.14,ENSG00000171208.8,ENSG00000241735.1,ENSG00000119915.4,ENSG00000269921.1,ENSG00000234389.1
Early_Stage,-0.529573,-0.742447,0.035206,-0.009787,-0.054147,-0.683099,-0.421615,-0.533982,0.47928,1.871719,0.679641,1.030488,-0.305292,-0.13507,-0.500101,0.797506,1.317762,-0.780307,-0.2723,-0.53065,-0.07067,-0.588354,-0.382378,1.338165,-0.680982,-0.45342,0.107529,-0.560607,-0.800208,-0.615524
Early_Stage,0.236898,-0.594952,-0.418097,-0.194016,-0.46185,0.224333,-0.421615,-0.521737,-1.081897,-0.444683,-1.391085,-0.520251,-0.579959,-1.489502,-0.500101,0.702703,-1.08577,0.673412,-0.2723,-0.53065,2.154708,-0.588354,-0.382378,-1.649358,-1.052624,-0.743749,0.051085,-0.291187,-0.446197,-0.279255
Early_Stage,-0.481538,0.162105,-0.401803,-0.146582,-0.46185,0.839023,-0.421615,0.355909,4.143338,-0.512012,-0.329578,-0.243093,-0.042385,1.68483,-0.500101,0.507075,-1.350404,-0.721536,-0.2723,0.625941,-1.450134,-0.588354,-0.382378,2.402742,0.616856,1.020677,1.273121,2.081587,0.068833,-0.044631
Early_Stage,0.955754,-0.469805,-0.127157,-0.296945,-0.46185,-0.683099,-0.421615,-0.942289,-0.980272,-0.087357,0.109925,-0.957519,-0.532876,0.397363,-0.500101,0.443613,0.777197,-1.121151,-0.2723,-0.53065,1.542009,-0.588354,3.366655,-1.454238,-0.617955,-0.63824,-0.75344,-0.560607,-0.591837,0.706927
Early_Stage,-0.866561,0.099887,0.725907,1.833288,-0.46185,-0.019914,-0.303899,-0.041467,0.541955,-0.524571,-0.62909,1.057151,-0.491483,0.88381,-0.500101,0.334356,-0.284028,0.293333,-0.2723,1.421263,1.795682,0.288445,-0.382378,-0.355626,1.324916,-0.700277,-0.75344,-0.520134,-0.93531,-0.615524
Early_Stage,0.476637,0.091751,0.417467,-0.14848,-0.46185,0.141093,0.005519,-0.984965,-0.166611,0.356117,-0.488506,-0.380973,0.321095,0.494585,-0.500101,0.576935,0.621053,0.601321,-0.2723,0.695712,-0.889022,2.595855,-0.382378,0.060801,-0.522563,-0.41979,3.419777,-0.510147,-0.516715,0.285345
Early_Stage,0.996879,-0.57015,0.079854,-0.470082,-0.46185,-0.003068,-0.300887,-0.777511,-1.084896,-0.475658,-0.393795,0.159919,0.074413,0.743074,-0.500101,-0.655123,0.657134,-1.149408,-0.2723,-0.53065,0.425845,-0.588354,-0.382378,-1.181279,-1.140219,0.310477,0.437991,-0.437579,-0.639312,0.369235
Early_Stage,0.324694,0.133365,-0.304271,-0.24795,-0.46185,-0.683099,-0.421615,-0.633577,0.067174,-0.179438,1.132721,-0.733215,-0.030827,0.175802,-0.500101,-0.655123,0.297278,0.105956,0.991171,-0.53065,-0.150872,0.423498,-0.382378,0.526081,-1.063254,-0.115898,0.586449,0.001378,-0.89078,1.021273
Early_Stage,0.491257,-0.236105,-0.03828,-0.820924,-0.46185,-0.683099,-0.421615,-0.260755,1.107822,0.409797,-0.209426,-0.426603,-0.44193,0.787126,-0.500101,0.887991,0.418269,0.919654,-0.2723,-0.53065,1.186844,-0.588354,-0.382378,-0.2654,-1.415265,2.820859,-0.75344,-0.497302,-1.225695,0.871615
Early_Stage,1.185492,0.752038,-0.105554,-0.960841,0.223471,0.434148,-0.421615,0.498682,-0.753224,-0.573904,0.143297,-1.032041,-0.530408,0.483096,-0.500101,-0.655123,1.077883,1.551845,-0.2723,-0.53065,0.473426,-0.588354,-0.382378,-0.815956,0.059995,0.513142,-0.75344,0.012908,-0.044714,0.606056
Early_Stage,0.257431,-0.298584,-0.620828,-1.244686,0.379535,-0.683099,-0.421615,-0.672813,-1.018167,-0.601287,-0.602002,0.376808,-0.570597,1.11097,-0.500101,0.91789,0.111569,1.327163,-0.2723,-0.53065,-0.647967,-0.588354,-0.382378,-1.686778,-1.473403,-0.540191,-0.75344,-0.496065,-0.765176,-0.225533
Early_Stage,0.526703,-0.735138,-0.488117,-0.81205,0.199534,0.130563,3.570849,0.428639,-0.668041,-0.295243,0.120294,0.063723,-0.333923,-0.412863,-0.500101,-0.655123,-0.500903,0.572876,-0.2723,0.679834,0.442044,-0.588354,-0.382378,1.06824,2.396845,-0.545127,-0.75344,-0.006951,0.434937,-0.314559
Early_Stage,0.913957,0.890465,-0.747737,-0.187042,0.244335,-0.683099,0.17132,-0.219543,-0.699151,-0.456372,-0.256595,-0.622448,-0.167114,-0.411176,-0.500101,-0.655123,-1.394146,-1.414954,1.641053,-0.53065,0.957977,-0.588354,1.141868,-2.194843,0.14739,-0.294523,-0.236658,1.080193,0.217273,-0.399716
Early_Stage,0.437409,0.184699,-0.183098,0.454905,-0.169656,-0.683099,-0.29878,0.257506,0.11617,-0.5819,-0.548615,-0.428282,-0.616203,0.477991,2.756189,-0.655123,0.894181,0.984934,-0.2723,-0.53065,0.88076,-0.588354,1.416912,-1.022265,-0.530159,-0.413229,-0.75344,0.699478,0.460231,0.628803
Early_Stage,0.386797,0.975742,0.365121,1.20266,0.835297,0.451438,0.162163,-1.096461,-0.885139,-0.552792,-0.604902,2.658756,-0.182702,0.865849,-0.500101,-0.655123,0.566676,2.015151,-0.2723,-0.53065,-0.403937,-0.588354,-0.382378,-1.023933,-0.636934,-0.58293,0.256293,-0.560607,-0.254747,-0.615524
Early_Stage,0.916134,-0.30133,-0.961074,-1.309847,-0.46185,-0.683099,-0.421615,-0.898314,-0.629191,-0.553465,-0.2977,-1.001091,-0.457775,1.626671,1.257134,0.762871,0.985691,0.69175,-0.2723,-0.53065,2.54719,-0.588354,-0.382378,-0.798273,-1.39734,-0.215746,0.086904,-0.560607,-0.031092,2.939826
Early_Stage,0.398921,0.713374,1.631584,-0.418703,-0.117608,-0.683099,-0.421615,-1.204415,1.038512,-0.685815,1.408528,-0.921939,0.031152,0.859871,-0.500101,-0.655123,1.169706,-0.319293,-0.2723,-0.53065,-1.194415,-0.588354,-0.382378,-0.565772,0.263164,1.582349,-0.030328,-0.560607,-0.190447,1.680387
Early_Stage,-0.78583,-1.479637,0.174396,-1.700928,0.672065,-0.683099,-0.421615,1.251353,1.522893,-0.130287,-2.144226,0.850163,-0.591035,-0.813933,-0.500101,1.522668,-0.547762,-0.149339,-0.2723,1.642879,-0.38036,-0.588354,-0.382378,-0.956869,-0.146384,-0.679893,-0.75344,-0.560607,0.00575,-0.615524
Early_Stage,0.239435,0.741213,0.497146,0.305545,-0.46185,0.074741,-0.028257,0.99286,-0.112357,1.450048,-0.264636,-0.947815,-0.482247,0.521309,-0.500101,0.476857,0.495488,-0.575038,-0.2723,-0.53065,0.378712,-0.588354,-0.382378,0.379718,0.39368,0.045465,-0.75344,-0.468567,-0.26309,6.415492
Early_Stage,-0.175901,0.831779,-0.916146,-0.645222,-0.46185,0.539418,-0.421615,0.223677,-0.685031,-0.458658,0.334432,-0.74732,-0.367217,0.984363,-0.500101,-0.655123,-0.413645,-1.142389,-0.2723,1.300111,-1.204481,-0.588354,-0.382378,0.719516,0.588301,0.360458,-0.75344,-0.485163,-1.225695,0.721309
Early_Stage,0.030808,-2.716297,-0.732159,-0.25399,0.49331,-0.683099,-0.421615,-1.050667,-0.171889,0.662196,1.271218,-0.443703,-0.522062,-0.517467,-0.500101,-0.655123,-2.535082,-0.645347,-0.2723,-0.53065,1.838152,-0.588354,-0.382378,-0.730763,-1.80042,-0.761514,-0.75344,-0.560607,-0.6979,-0.167599
Early_Stage,0.19351,0.920296,0.26406,-0.118525,-0.127041,0.111053,-0.421615,0.164437,-0.351619,0.294503,-0.601826,0.118874,0.906358,-0.818435,-0.500101,-0.655123,1.645978,-0.178116,-0.2723,-0.53065,-0.706484,0.463171,-0.382378,-0.447075,-0.115071,0.526,3.902067,-0.464119,0.094658,-0.032596
Early_Stage,-0.219536,0.282384,-0.467266,-1.142455,0.624483,-0.683099,-0.29658,0.535282,0.460165,0.606743,-0.535543,-0.589528,-0.44972,0.37994,0.852481,-0.655123,-0.756824,0.023481,-0.2723,-0.53065,0.774986,-0.588354,-0.382378,-0.613707,-0.205424,-0.34243,-0.131326,-0.003718,-0.048931,-0.355645
Early_Stage,0.562728,-0.076086,-0.973069,-0.742146,-0.46185,-0.683099,-0.421615,-0.768674,0.057091,-0.047267,-0.142221,-0.546785,-0.499235,1.844102,-0.500101,0.651063,1.104665,1.624441,-0.2723,-0.53065,0.432918,-0.588354,-0.382378,-0.936961,0.325088,-0.413542,-0.75344,-0.301196,-1.225695,0.026001
Early_Stage,-0.298024,-0.103867,-0.762895,-1.20973,0.680795,-0.683099,-0.289332,-0.805756,-0.162363,-0.403252,0.003086,-0.282351,-0.348237,-0.059859,-0.500101,-0.655123,0.62254,0.248623,-0.2723,-0.53065,-0.492642,-0.588354,-0.382378,-0.937434,-1.268629,-0.348956,-0.75344,-0.515092,-0.899516,0.462177
Early_Stage,1.106638,-0.649048,-0.457285,-0.332421,0.38906,-0.683099,-0.421615,-0.90634,-0.63564,-0.669258,-0.898807,0.149479,-0.547113,0.126245,-0.500101,-0.655123,0.347877,1.57685,-0.2723,0.531843,0.422052,-0.588354,-0.382378,-0.619768,0.369588,-0.660401,0.500038,-0.389134,-0.912389,1.403538
Early_Stage,-0.941527,0.649761,0.346116,2.14759,0.402502,0.742372,-0.292394,0.542435,-0.069627,-0.183801,1.488498,1.055687,-0.028324,-0.104558,-0.500101,-0.655123,1.039614,-0.130461,-0.2723,-0.53065,-0.179754,-0.588354,-0.382378,1.499932,2.992816,-0.188206,0.521438,0.302319,2.026456,1.191769
Early_Stage,0.837759,-1.022004,-0.988044,-0.955396,-0.46185,-0.683099,-0.016599,-1.465994,0.231564,-0.386899,-0.363477,-0.828082,-0.276147,1.995695,-0.500101,-0.655123,1.031915,-1.307245,-0.2723,-0.53065,-0.161213,-0.588354,-0.382378,-1.094529,-0.594891,-0.710381,-0.75344,-0.465764,-0.883618,-0.615524
Early_Stage,0.597681,-0.015975,-0.873599,-0.688357,-0.142731,0.073322,-0.287213,-0.712812,0.239261,0.202566,0.102191,-0.542073,-0.48254,0.026201,0.941849,-0.655123,0.690611,0.369314,-0.2723,-0.53065,-1.087452,0.412781,-0.382378,-0.606811,-0.501028,-0.320401,-0.084506,-0.423738,-1.225695,1.004406
Early_Stage,0.526197,-0.173146,-0.667724,-0.65598,-0.46185,-0.683099,-0.252698,-0.569704,-0.750256,0.266633,-0.365037,-1.142839,-0.428089,-1.599116,-0.500101,-0.655123,0.409121,0.651381,-0.2723,-0.53065,0.552046,-0.588354,-0.382378,-0.063067,-0.369058,-0.446583,0.088245,-0.388884,-0.029285,0.421559
Early_Stage,0.651735,-0.633951,-0.981447,0.228715,-0.46185,-0.683099,-0.421615,-0.456724,-0.708158,0.086248,0.076069,-0.286473,-0.559414,-1.647793,-0.500101,-0.655123,0.340737,1.338067,-0.2723,-0.53065,1.994092,-0.588354,-0.382378,-0.534853,-0.858429,-0.480816,-0.75344,-0.133076,-0.518983,-0.012333
Early_Stage,-0.143498,0.321238,-0.004115,-0.061923,-0.46185,-0.683099,0.212666,-0.328361,0.275913,-0.405892,0.256638,-0.166777,-0.359594,1.058389,1.237212,0.744188,1.556732,1.136985,-0.2723,-0.53065,1.204894,-0.588354,-0.382378,-0.706852,-0.333658,0.04732,-0.75344,-0.446851,-0.423008,4.031588
Early_Stage,-0.498029,0.538287,-0.699349,-0.963851,-0.46185,0.1977,-0.264901,1.18977,-0.497294,0.42828,1.009208,-1.153534,-0.595823,-0.080649,1.149224,0.662438,-0.744684,0.24987,1.185307,-0.53065,-0.558164,-0.588354,-0.382378,1.110336,0.340456,-0.56242,-0.75344,2.94774,0.231472,0.03158
Early_Stage,0.440319,-0.630856,-0.039228,-0.941619,-0.46185,0.220422,-0.421615,1.061554,-1.042369,-0.106471,-0.920162,-0.303771,-0.410284,1.022881,-0.500101,-0.655123,0.561344,0.775903,-0.2723,-0.53065,1.267577,0.609478,-0.382378,0.794032,0.315611,-0.629863,-0.75344,-0.560607,-0.829543,-0.615524
Early_Stage,-0.124057,1.547818,0.857399,-0.451047,-0.126675,-0.683099,-0.421615,0.954722,-0.237214,0.387981,1.554121,1.151083,-0.462216,0.597916,-0.500101,-0.655123,-1.071536,-0.161688,-0.2723,-0.53065,-0.227246,0.464348,1.685407,0.495996,0.293374,-0.473426,-0.049903,-0.41674,0.692857,-0.321557
Early_Stage,0.650264,0.25315,-0.912022,0.266045,0.527222,0.564565,-0.421615,-0.556905,-1.124066,-0.493149,-1.456928,3.644711,0.868249,0.826036,1.72337,-0.655123,0.344042,1.218584,-0.2723,1.338526,-0.085315,1.07219,-0.382378,0.11046,-0.829874,-0.233868,0.359088,-0.483573,-0.67761,-0.150079
Early_Stage,0.526989,0.567899,0.251984,0.724717,-0.130182,-0.683099,-0.421615,-1.161607,0.544058,0.169268,1.202804,-0.32414,0.040155,1.072736,-0.500101,0.520206,2.343521,0.636023,-0.2723,-0.53065,0.760527,-0.588354,-0.382378,0.070005,-0.546781,0.287234,-0.75344,-0.465045,-0.227653,4.509725
Early_Stage,0.697833,0.26707,-0.562413,-0.490887,-0.1601,-0.683099,-0.421615,-0.114584,-0.892138,-0.304382,-1.351729,0.07539,-0.49116,0.31672,-0.500101,-0.655123,0.159582,-0.632785,-0.2723,1.573328,0.566179,0.35714,-0.382378,-0.697203,-2.151003,-0.592519,-0.75344,-0.473845,-0.609758,2.789178
Early_Stage,-2.872683,1.122321,1.883697,2.678392,0.430871,1.484471,-0.421615,1.513725,1.100598,-0.592061,1.625698,1.583501,0.289072,-0.353955,-0.500101,1.02178,-0.418939,-1.330044,-0.2723,-0.53065,-1.327721,2.326395,-0.382378,-0.237985,0.943471,-0.462909,0.241195,-0.560607,1.76658,0.207755
Early_Stage,0.703512,-0.378194,-1.112563,-1.063681,-0.46185,-0.683099,-0.228425,-1.536105,0.213953,-0.632188,0.339793,-0.96015,-0.062167,1.501729,-0.500101,-0.655123,1.521351,0.313824,-0.2723,-0.53065,2.748418,-0.588354,-0.382378,-0.616376,-0.600331,-0.340935,-0.75344,-0.364443,-0.297718,0.569028
Early_Stage,0.164529,-1.266152,0.359652,-0.167426,-0.171719,-0.683099,-0.180676,-0.397432,1.058573,0.159184,-0.665276,0.102173,-0.475569,0.254496,-0.500101,0.369965,0.756438,-0.932448,-0.2723,-0.53065,-1.259967,-0.588354,-0.382378,0.156893,1.411333,-0.497379,-0.146739,-0.560607,-1.225695,-0.615524
Early_Stage,0.280506,-1.09307,0.687792,-0.876984,-0.14144,-0.683099,0.097263,-1.589741,-0.840258,-0.714544,-1.321521,-1.057832,1.443964,1.345751,-0.500101,-0.655123,-0.224309,0.976416,-0.2723,0.598312,0.42983,0.416926,-0.382378,-0.774472,-0.927473,-0.754287,-0.081725,-0.514166,-0.571637,0.214604
Early_Stage,0.473281,-0.563844,-0.56304,-1.211191,-0.46185,-0.683099,-0.421615,0.928789,-0.431065,-0.008921,0.026418,-0.64957,-0.469158,-0.627807,-0.500101,-0.655123,1.409897,-0.280706,-0.2723,-0.53065,0.971593,-0.588354,-0.382378,0.323359,0.628037,-0.730521,-0.75344,0.703576,1.802995,-0.615524
Early_Stage,-0.293517,1.400469,-1.112563,-0.185697,-0.46185,-0.683099,-0.050452,0.096088,0.952642,0.319426,1.272185,-0.403249,-0.119276,0.51691,-0.500101,0.934935,1.595313,1.225345,-0.2723,-0.53065,-0.427866,-0.588354,-0.382378,0.434215,-0.26627,1.120537,-0.75344,0.149104,0.511421,0.544165
Early_Stage,0.214189,0.911723,-0.696341,0.402786,-0.46185,-0.013409,-0.421615,0.544851,-0.562794,-0.673809,0.017828,0.338827,1.766834,0.193945,-0.500101,1.32097,0.504315,-1.555456,-0.2723,2.401283,-0.582051,-0.588354,-0.382378,-1.788336,-0.789988,-0.346622,0.419815,-0.284452,0.409818,-0.368513
Early_Stage,-0.500699,0.324812,-0.793702,-1.270826,-0.175141,1.27751,-0.421615,0.865815,-1.123746,-0.563069,0.627859,0.776119,-0.353154,-1.07514,-0.500101,-0.655123,-0.746142,-1.62442,-0.2723,-0.53065,0.327054,-0.588354,-0.382378,-1.615604,0.405589,-0.368764,-0.154065,-0.130886,1.390883,-0.615524
Early_Stage,0.883298,0.449944,-0.617446,-0.728507,-0.46185,-0.683099,-0.421615,-0.672248,-0.966375,-0.505903,-0.709743,-0.709913,0.027985,1.050266,1.012924,-0.655123,-0.088658,0.392874,-0.2723,-0.53065,-1.103849,-0.588354,-0.382378,-1.025518,-0.778405,-0.121375,1.326741,-0.51174,0.986499,-0.320226
Early_Stage,0.633346,0.823424,-0.380787,0.221502,0.102716,0.006303,-0.421615,0.11489,-0.786469,-0.627032,-0.349417,-0.515788,0.292661,-0.250283,-0.500101,0.373793,0.456377,-0.823037,-0.2723,-0.53065,-0.942554,-0.588354,-0.382378,-0.943356,0.131671,-0.360222,-0.75344,-0.395319,1.193772,-0.615524
Early_Stage,-0.77087,0.972328,0.68158,0.080856,-0.46185,-0.683099,-0.258849,0.779145,-0.218246,-0.500983,-0.1431,-0.753129,-0.564887,0.469971,-0.500101,-0.655123,0.878707,-0.074565,-0.2723,0.83203,0.702991,-0.588354,-0.382378,-0.255419,-0.639165,0.035267,0.057427,-0.289124,-0.824717,2.824173
Early_Stage,0.673825,-0.754942,-0.585444,0.354157,-0.46185,-0.683099,-0.270244,1.452101,0.225729,-0.68352,-1.484562,-0.564144,-0.638461,0.662998,-0.500101,-0.655123,-0.801239,-1.291154,-0.2723,-0.53065,1.183148,0.539226,-0.382378,-0.421522,0.484084,-0.773448,0.000372,0.231011,-0.852663,-0.615524
Early_Stage,0.572055,0.011894,2.651956,1.196929,0.289627,0.24781,-0.421615,0.110561,-0.033027,-0.466761,0.54343,0.811707,-0.360762,0.229649,-0.500101,-0.655123,0.447484,1.751561,-0.2723,-0.53065,0.834325,-0.588354,-0.382378,-0.218022,-0.246665,-0.09645,0.072228,-0.503492,0.309996,-0.270396
Early_Stage,0.498081,-0.005789,-0.511803,-0.299654,0.074997,-0.683099,-0.421615,-0.017185,-0.33343,-0.569497,-0.786881,-1.08987,-0.442927,1.08429,-0.500101,0.320783,0.371335,-1.416242,-0.2723,-0.53065,0.342866,-0.588354,-0.382378,-0.507827,-0.02572,0.442811,0.392513,0.223258,-0.939277,-0.374316
Early_Stage,0.53398,-1.516722,-0.934268,-0.353615,-0.46185,-0.683099,-0.421615,-1.534796,-0.190899,-0.629308,0.471589,-0.364995,-0.357794,-0.549135,-0.500101,-0.655123,1.025968,0.302391,-0.2723,-0.53065,-0.923947,-0.588354,-0.382378,-0.002926,0.197581,0.049831,-0.75344,-0.425065,0.167975,-0.615524
Early_Stage,-0.164117,-0.801468,-0.201751,-0.102201,-0.141238,-0.683099,-0.286569,-0.345982,-0.827986,-0.615342,-1.149716,-0.353058,-0.517424,0.06032,-0.500101,-0.655123,0.48027,-0.104075,-0.2723,-0.53065,1.560349,-0.588354,-0.382378,-0.797828,-1.836646,-0.650145,-0.75344,0.442545,-1.225695,-0.615524
Early_Stage,0.067972,-0.545797,-0.426636,-0.606803,-0.46185,-0.683099,-0.421615,-0.158347,-0.278934,-0.48429,-1.225748,-0.501036,-0.323715,2.515882,-0.500101,1.01414,1.022133,-1.356328,1.573943,-0.53065,-0.93381,-0.588354,-0.382378,0.767757,0.924343,-0.485452,1.200431,-0.49208,1.382832,-0.615524
Early_Stage,0.092113,-0.318025,-0.487365,-0.110119,0.592852,0.654011,-0.421615,0.422469,-0.283224,-0.650452,1.552495,0.361717,-0.301033,-0.16876,-0.500101,-0.655123,-0.017708,0.658241,-0.2723,-0.53065,1.165153,-0.588354,-0.382378,1.895561,0.358607,-0.324939,-0.75344,-0.397195,-0.638028,-0.615524
Early_Stage,0.557575,-0.372324,0.48883,-1.038099,-0.46185,-0.683099,-0.421615,0.792708,-1.034479,-0.525248,-1.193822,-1.004207,-0.623269,-0.349854,-0.500101,-0.655123,0.197738,-1.119765,-0.2723,-0.53065,-0.893584,0.654126,-0.382378,-0.993543,1.742361,-0.709333,-0.75344,1.335314,0.319271,-0.615524
Early_Stage,0.458215,-0.496817,-0.162576,-0.694484,-0.46185,-0.683099,-0.308327,0.639311,-1.208876,-0.573626,-0.780881,-0.334424,-0.526891,0.14718,-0.500101,-0.655123,-1.058932,-0.108623,-0.2723,-0.53065,2.275556,0.255451,-0.382378,-1.646139,-0.315207,-0.527745,-0.75344,-0.333486,-0.674816,-0.615524
Early_Stage,0.314274,-1.280944,-0.92248,-1.343304,-0.46185,-0.683099,-0.421615,-1.502278,-0.759469,-0.544489,-0.590204,-1.105745,-0.146126,1.773697,-0.500101,-0.655123,1.573314,1.629261,-0.2723,-0.53065,-0.829468,0.986121,-0.382378,-1.191789,-0.987215,-0.5118,0.301054,-0.560607,0.254447,-0.615524
Early_Stage,0.044989,-2.321637,-0.848892,-1.128441,-0.46185,-0.683099,-0.421615,0.319434,-0.424725,-0.026892,0.164871,0.715734,-0.598116,0.028877,-0.500101,-0.655123,-1.259358,0.662587,-0.2723,-0.53065,-0.676276,-0.588354,-0.382378,-0.91633,0.287533,-0.661811,-0.75344,-0.360764,-0.860017,-0.615524
Early_Stage,0.608806,-1.233459,-0.580171,-1.18991,-0.46185,-0.683099,-0.421615,-0.383314,-1.125473,-0.189946,-1.098902,-0.485419,-0.47455,0.100518,1.555615,1.050789,0.152698,-0.463088,-0.2723,-0.53065,-0.348155,-0.588354,-0.382378,-0.724674,-0.758098,-0.571368,-0.75344,-0.560607,-0.252707,-0.615524
Early_Stage,1.065187,-1.066074,-1.112563,-1.51922,-0.46185,-0.683099,-0.421615,-1.313246,-0.701747,-0.739504,-0.776241,-0.913138,-0.459383,1.188457,-0.500101,-0.655123,0.960027,1.456892,-0.2723,-0.53065,1.679511,-0.588354,-0.382378,-0.801998,-0.027174,-0.537904,-0.75344,-0.560607,-0.680689,-0.615524
Early_Stage,0.467875,-0.861418,-0.938094,0.158753,-0.005391,-0.683099,-0.22754,-0.801573,-0.204872,-0.213478,-0.136179,-0.958679,-0.533257,1.754384,-0.500101,-0.655123,1.276359,1.209997,-0.2723,-0.53065,-0.511245,-0.588354,-0.382378,0.593395,-1.156791,-0.272099,1.15714,-0.238352,0.139772,1.329279
Early_Stage,0.841101,-0.701574,-0.450041,-1.340542,-0.46185,0.040374,-0.293113,-1.088055,-0.138022,-0.367135,-0.673803,-0.571892,-0.378229,0.863776,-0.500101,0.425081,1.287259,1.207898,-0.2723,0.544095,-0.395958,-0.588354,-0.382378,-0.316644,-0.668322,-0.547693,0.514373,-0.472774,-0.017918,-0.08486
Early_Stage,-0.164357,-2.296347,2.32407,-1.684126,-0.46185,2.921669,-0.014985,0.343611,0.208349,-0.189525,-0.014775,1.126606,-0.613182,2.199535,-0.500101,-0.655123,-0.858998,0.448864,-0.2723,-0.53065,-1.298592,-0.588354,-0.382378,0.296027,3.043984,-0.494077,-0.059892,-0.327431,-0.230982,-0.615524
Early_Stage,0.040815,-0.792328,-0.604707,0.961338,-0.11653,0.136349,0.638202,-1.428279,-0.469347,-0.685641,-0.791597,-1.039671,0.744911,1.311669,-0.500101,-0.655123,-0.352317,1.401709,-0.2723,-0.53065,1.814064,-0.588354,-0.382378,-1.228101,-1.027002,-0.804722,-0.75344,-0.461018,-0.866574,0.280155
Early_Stage,-0.170349,-1.887287,-0.8854,-1.233132,-0.46185,-0.683099,-0.421615,0.895555,1.01107,-0.552428,-0.253277,0.007305,-0.325612,0.528639,-0.500101,-0.655123,0.175407,0.964324,-0.2723,-0.53065,0.270893,-0.588354,-0.382378,-0.359852,0.620742,-0.470706,1.724824,-0.305238,1.994387,-0.615524
Early_Stage,0.56137,0.275701,-0.89336,-0.689225,-0.168715,-0.683099,-0.421615,-0.564988,0.039343,-0.295228,-1.114802,-0.598701,0.369073,-0.812777,-0.500101,-0.655123,0.590805,-1.212169,-0.2723,-0.53065,-0.72441,1.225638,-0.382378,-0.161189,-0.134475,-0.682204,-0.140301,-0.235698,-0.921737,0.873201
Early_Stage,0.714451,1.65595,-1.112563,0.721246,-0.46185,-0.683099,-0.421615,0.608138,-0.691292,-0.52408,0.296139,-0.559638,-0.555969,-0.625917,0.908799,-0.655123,-0.57121,1.561314,-0.2723,-0.53065,1.376342,-0.588354,-0.382378,-1.859532,-0.917595,-0.673214,-0.75344,-0.257353,0.562585,0.709069
Early_Stage,0.779963,-0.555634,0.28622,-0.378308,-0.46185,-0.033651,-0.421615,-0.021661,-0.915708,-0.466909,-0.893255,0.597211,-0.607192,-0.794976,-0.500101,-0.655123,0.844321,-0.512747,-0.2723,-0.53065,-0.280485,-0.588354,-0.382378,-0.492702,-0.495111,-0.711669,-0.75344,-0.32962,-0.665395,0.325172
Early_Stage,0.432729,-1.361614,0.496653,0.107322,-0.142248,0.074485,-0.421615,-1.128039,-0.651475,-0.591204,-0.978366,-0.355709,0.109382,1.746647,-0.500101,-0.655123,0.309608,1.798562,-0.2723,-0.53065,2.564701,-0.588354,-0.382378,-0.731347,-0.022486,-0.76988,-0.75344,-0.560607,-0.573288,-0.615524
Early_Stage,0.305912,0.172567,0.149019,-0.00816,-0.044835,-0.015033,0.302409,-0.325193,-0.884349,-0.427295,-0.41203,0.271466,-0.29269,0.357812,-0.500101,-0.153859,-0.83626,-0.146473,-0.2723,-0.53065,0.276226,-0.144105,0.494807,0.615194,-1.140119,-0.085816,-0.163526,-0.400411,0.280498,-0.247072
Early_Stage,0.256172,0.74547,-0.39237,1.1197,-0.46185,-0.683099,-0.421615,0.768583,-0.31094,-0.623409,-0.200484,-0.322017,-0.56263,-0.901361,-0.500101,-0.655123,-0.356398,0.57347,-0.2723,-0.53065,1.697596,-0.588354,-0.382378,-1.076957,0.206731,-0.305926,2.285869,-0.488499,0.237489,-0.179837
Early_Stage,0.437716,0.860839,-0.103356,-0.112035,-0.46185,-0.683099,-0.421615,0.264387,0.113647,-0.464616,0.910696,-1.031454,-0.490268,-0.285711,1.092898,-0.655123,0.8842,0.008885,-0.2723,-0.53065,-0.093418,0.53329,-0.382378,0.029104,-0.289585,-0.368725,-0.75344,0.864392,0.177632,0.309862
Early_Stage,0.084902,0.713969,-0.515393,-0.924221,0.071828,-0.683099,-0.421615,1.193242,1.572173,0.034967,0.295063,-1.091095,-0.277719,-0.878193,-0.500101,-0.655123,-0.278639,-0.992338,1.849325,1.382768,0.593141,2.73729,-0.382378,2.465969,0.783222,-0.351619,1.489697,0.155065,0.365072,0.326164
Early_Stage,-0.075942,-0.008448,-0.572344,-0.854967,-0.46185,-0.683099,-0.115917,-0.599758,-0.327752,0.084051,-0.324898,-1.023612,-0.208967,0.293589,-0.500101,0.649962,0.551211,1.070299,-0.2723,-0.53065,-0.815343,-0.588354,-0.382378,0.163678,-0.738192,-0.329245,-0.75344,-0.507135,-1.225695,0.646108
Early_Stage,1.190792,-1.173233,-0.613121,-0.346982,-0.46185,-0.683099,-0.421615,-1.276684,-0.409353,-0.026511,0.584952,-0.303528,0.217556,1.277717,-0.500101,0.548979,1.029794,0.43699,-0.2723,-0.53065,-0.985212,-0.588354,-0.382378,-1.033526,-0.526875,-0.121318,-0.040365,-0.560607,1.554694,-0.615524
Early_Stage,-0.21917,-0.105146,0.060405,0.378255,-0.46185,0.530782,-0.204856,1.207391,0.618152,0.449548,0.058669,-0.015574,-0.434829,-1.905551,-0.500101,0.265909,-1.953473,-0.626984,-0.2723,0.38531,0.954454,-0.588354,-0.382378,0.726384,0.858433,-0.69896,-0.208513,-0.003723,-0.692548,-0.615524
Early_Stage,1.391669,0.466567,-0.37417,0.724645,-0.46185,-0.683099,-0.298053,0.113583,-0.373331,-0.016469,-0.087055,-0.423756,-0.172053,-0.640853,-0.500101,-0.655123,-1.189752,0.124156,-0.2723,-0.53065,-0.592358,-0.588354,-0.382378,0.495107,0.65579,-0.404096,0.465837,0.166764,-0.920942,-0.358725
Early_Stage,0.263602,-0.920236,-0.451372,-0.827882,-0.46185,-0.683099,-0.421615,-0.674988,0.551218,0.031776,-0.416007,-0.482777,-0.073137,0.459739,-0.500101,-0.655123,1.120679,-1.179482,-0.2723,1.594728,-0.619852,-0.588354,-0.382378,-0.238764,1.923945,1.250573,1.73431,-0.472958,-0.020314,-0.085969
Early_Stage,-0.010177,0.146674,-0.734754,-0.180265,-0.46185,-0.683099,-0.421615,1.475849,-0.550042,-0.529889,0.432703,-0.705628,0.331485,-0.178075,-0.500101,-0.655123,-0.373047,-0.588031,-0.2723,-0.53065,0.055096,-0.588354,-0.382378,-1.139934,1.39085,1.567663,-0.75344,1.149763,-0.872989,0.829462
Early_Stage,-0.038033,0.315484,1.79571,0.187316,-0.46185,-0.00913,-0.421615,0.579966,-0.132303,-0.521052,-0.762942,-0.287874,-0.573778,1.20684,0.800408,0.350576,-1.084018,0.388598,-0.2723,-0.53065,0.761591,0.302813,-0.382378,-0.199087,0.273468,-0.716057,-0.75344,-0.282726,-0.93057,-0.615524
Early_Stage,0.308888,-0.170516,0.10386,-0.900639,-0.46185,-0.683099,-0.421615,0.521353,-0.365067,-0.417001,0.048695,-1.036353,-0.638461,0.858853,-0.500101,-0.655123,-0.723196,0.376753,-0.2723,-0.53065,0.415351,-0.588354,-0.382378,0.530001,0.939711,-0.615295,2.102371,-0.560607,1.89952,-0.615524
Early_Stage,-0.368436,-0.789829,-0.745399,-0.218259,-0.46185,0.098966,-0.147452,-1.432437,-0.44302,-0.485737,-0.425014,-0.149881,-0.440916,1.135069,0.985181,-0.655123,1.103396,2.224474,-0.2723,-0.53065,1.737648,-0.588354,-0.382378,-0.746918,-1.771213,-0.375642,-0.75344,-0.4656,-0.552483,2.351351
Early_Stage,0.395093,-0.747169,-0.559089,-0.608826,-0.207449,0.499286,-0.421615,0.712365,-1.121507,-0.076304,-0.456563,0.203762,-0.599945,0.435314,1.624987,-0.655123,-0.490363,-0.353079,-0.2723,-0.53065,-0.095297,-0.588354,-0.382378,-0.699011,-0.600933,0.216623,-0.22304,-0.560607,-0.706473,-0.615524
Early_Stage,-0.533395,0.611228,-0.670631,-0.119736,-0.46185,-0.683099,-0.295234,-1.337645,0.609352,-0.600314,1.160359,-0.769529,-0.234089,1.21854,-0.500101,-0.655123,0.38357,-0.245296,-0.2723,1.564187,-1.299141,-0.588354,-0.382378,-1.165792,-0.409797,1.49695,0.493537,-0.474224,-0.320207,-0.615524
Early_Stage,0.854683,-0.554399,-0.421457,-1.199567,-0.143038,-0.683099,-0.421615,-0.863699,-0.229791,0.465037,-1.320202,-0.948762,-0.424322,1.346878,-0.500101,0.473608,0.907762,0.168054,-0.2723,-0.53065,0.873624,-0.588354,-0.382378,0.169239,0.168524,-0.732804,-0.75344,-0.560607,-0.894636,-0.615524
Early_Stage,0.18363,-0.757732,1.006315,-1.065035,-0.46185,1.55668,0.110443,-0.492561,1.326203,1.4864,-0.902362,-0.331909,0.343342,0.575294,-0.500101,-0.655123,-0.942932,1.221049,-0.2723,0.628273,1.4362,-0.588354,-0.382378,1.201979,0.266775,-0.780345,-0.063889,-0.51293,-0.884187,-0.043486
Early_Stage,-0.636031,-0.090049,-0.982818,-0.710101,-0.46185,-0.683099,-0.421615,-0.168543,-0.102516,0.505704,-0.3934,-0.02299,-0.383326,-0.232249,-0.500101,-0.655123,0.023601,0.256963,-0.2723,-0.53065,0.177553,-0.588354,-0.382378,0.016954,-0.898166,0.217125,-0.75344,-0.226857,-0.86939,0.843942
Early_Stage,-0.958378,0.723472,-0.569083,-0.425964,-0.46185,-0.683099,-0.421615,1.111498,-0.222452,-0.151273,1.576135,-0.543183,0.07824,0.061156,-0.500101,0.658052,0.017407,-0.55028,-0.2723,0.776751,0.643009,0.575166,-0.382378,0.623007,0.608056,-0.257711,-0.75344,-0.560607,0.557332,0.95866
Early_Stage,-0.070423,-0.105974,0.468104,0.107322,-0.235756,-0.149316,-0.05365,-0.045555,0.492223,-0.363902,-0.88278,0.009259,-0.277691,1.503409,1.422968,-0.655123,0.798543,-0.897523,-0.2723,-0.53065,1.267556,-0.588354,-0.382378,-1.323693,-0.245536,-0.639442,-0.283168,-0.339532,1.25258,-0.03227
Early_Stage,-0.111927,0.091881,-0.928251,-0.191975,-0.46185,-0.683099,0.351309,-0.250748,-0.743894,-0.663374,-0.978128,-1.111313,-0.094131,0.593262,-0.500101,-0.655123,-0.417727,1.598114,-0.2723,-0.53065,1.040292,-0.588354,-0.382378,1.358379,0.279936,-0.513677,-0.75344,0.871861,0.212195,-0.187874
Early_Stage,-0.67362,-0.652695,0.137517,1.926335,-0.46185,1.379863,-0.294543,-0.13211,0.393673,-0.281595,-0.388545,2.455681,-0.513346,0.845764,-0.500101,1.455631,0.98912,-0.279067,-0.2723,0.532087,-0.049684,0.358155,-0.382378,-0.055505,-0.548285,-0.48605,-0.121148,-0.306531,-0.912318,0.918324
Early_Stage,0.363522,-0.311893,-0.948054,-1.105372,-0.46185,-0.683099,-0.421615,0.288763,0.061433,-0.637887,0.262196,-1.130456,-0.394833,1.321558,-0.500101,-0.655123,1.740983,0.162748,-0.2723,-0.53065,0.730119,-0.588354,-0.382378,0.300893,-0.689832,-0.370597,-0.75344,-0.141746,0.459751,-0.615524
Early_Stage,0.952958,0.187242,0.199318,-0.004616,-0.46185,-0.683099,-0.421615,0.925212,-0.170848,-0.321977,0.036568,0.193626,-0.35607,0.278405,-0.500101,0.191962,-0.09953,0.979489,-0.2723,0.311594,0.330446,0.162302,1.095912,-0.406397,-0.286978,0.199443,-0.252388,0.294529,-0.734654,-0.615524
Early_Stage,-0.184716,0.732742,-0.939434,0.242635,-0.46185,0.397019,-0.421615,0.973723,-1.103383,-0.52686,-1.253856,-0.661927,0.231623,1.921953,1.467691,-0.655123,-1.09131,1.00402,-0.2723,-0.53065,-0.38637,-0.588354,-0.382378,-2.080369,-1.64531,-0.589771,0.206979,0.319633,-0.300497,-0.213904
Early_Stage,0.868251,-0.313274,-0.659816,-0.707941,-0.46185,-0.097221,-0.421615,-0.995714,-0.973265,-0.53103,-1.423816,-0.777079,0.224943,-1.832838,1.579376,-0.655123,0.658365,-1.027811,-0.2723,-0.53065,1.176178,0.185554,-0.382378,-0.120178,-1.00504,-0.299715,-0.75344,-0.524907,-0.239694,-0.615524
Early_Stage,0.941992,-0.109999,-0.162412,0.725892,-0.46185,-0.683099,-0.421615,-0.411402,-0.946694,-0.561866,-1.256939,-0.637994,-0.522583,0.543211,-0.500101,0.699165,-0.329835,0.172949,-0.2723,2.135494,0.671339,-0.588354,-0.382378,-0.264594,-0.435344,-0.673038,-0.75344,-0.560607,-0.082406,1.619699
Early_Stage,-0.018466,0.16427,-0.178933,1.065539,-0.46185,-0.683099,-0.421615,0.31339,0.851348,0.082891,-0.36161,0.130046,-0.403139,-0.763235,-0.500101,1.194831,0.989877,0.537249,-0.2723,-0.53065,0.147386,-0.588354,-0.382378,-0.4213,0.091207,-0.438171,-0.200338,-0.484589,-1.225695,0.069453
Early_Stage,0.236878,0.590232,-0.250662,-0.15967,1.527966,-0.683099,0.515374,-0.845995,-0.570435,-0.242214,-0.142463,1.199601,0.27165,-0.918384,-0.500101,-0.655123,-1.232093,1.306499,-0.2723,0.685421,-0.960016,-0.588354,-0.382378,1.019804,-0.166565,-0.490545,-0.75344,-0.461274,-0.867489,-0.615524
Early_Stage,1.824282,-0.124848,-0.705802,0.084272,-0.46185,0.183855,-0.421615,-0.66955,-0.990867,-0.485693,-0.57588,0.224013,-0.568774,0.658838,-0.500101,-0.655123,0.107203,-0.418765,-0.2723,-0.53065,0.300466,0.56052,-0.382378,-1.908966,-0.794525,-0.479928,0.014675,-0.560607,-0.480468,0.021318
Early_Stage,0.302643,0.274901,-0.821063,0.334,-0.46185,-0.683099,-0.421615,-0.843402,-0.254646,0.23921,0.559204,0.719362,-0.505862,0.151616,-0.500101,0.72481,0.938426,0.717141,-0.2723,-0.53065,0.598888,-0.588354,2.015772,0.8066,-0.563954,-0.344767,0.064245,-0.504045,-0.82138,1.350945
Early_Stage,-0.720757,-0.171039,0.107032,0.354446,-0.46185,0.013613,-0.297902,0.125274,-0.309384,-0.358977,1.045744,1.435588,-0.538527,-0.198588,1.898356,-0.655123,-1.434205,-0.601102,-0.2723,1.520181,-1.297855,0.333125,-0.382378,2.174467,0.373775,0.216931,-0.75344,-0.476048,-0.625098,-0.615524
Early_Stage,1.295664,0.682207,-0.512755,-0.301721,0.074154,-0.683099,-0.421615,-0.709706,-1.107272,-0.300932,-0.150064,-0.994051,-0.503895,0.512045,-0.500101,-0.655123,0.218705,2.101413,-0.2723,-0.53065,1.464177,-0.588354,-0.382378,-0.59897,-1.169552,-0.697626,-0.75344,0.749227,0.123832,-0.374716
Early_Stage,0.296112,0.152777,-0.324561,0.738709,0.145812,-0.683099,-0.160559,-1.490854,-1.108093,-0.545777,-0.036833,-0.282469,1.447131,0.776334,0.921586,-0.655123,0.032133,-0.483614,-0.2723,-0.53065,-0.315916,-0.588354,-0.382378,-0.684719,-0.716256,0.76135,1.810853,-0.560607,0.015654,-0.615524
Early_Stage,-0.868419,0.352622,-0.374598,-0.173988,-0.121007,-0.683099,3.005399,-0.419507,-0.718547,-0.09778,0.055879,-0.81232,-0.459187,-1.622611,-0.500101,-0.655123,0.636631,0.482269,-0.2723,-0.53065,-1.206618,0.482577,-0.382378,0.302839,0.064006,-0.32218,-0.75344,-0.560607,-0.871317,-0.615524
Early_Stage,0.289035,-0.435427,-0.52092,-1.303473,-0.46185,0.581577,-0.421615,-1.231342,-0.782966,-0.613701,-0.361214,-1.092979,-0.455872,-0.935865,-0.500101,-0.655123,-0.042387,-0.19433,-0.2723,-0.53065,-0.736727,-0.588354,-0.382378,-0.022112,-1.270635,0.053392,-0.75344,0.624664,-0.145663,-0.615524
Early_Stage,0.502881,-0.016672,-0.171676,0.21192,-0.084849,-0.683099,0.465313,-0.278836,-1.087191,-0.59276,0.656639,1.238589,-0.197806,-0.281471,-0.500101,-0.655123,0.178456,-0.909373,-0.2723,0.80387,-1.270161,-0.588354,-0.382378,1.125322,0.443721,0.09351,-0.75344,-0.451644,0.255094,-0.615524
Early_Stage,0.280926,-1.324926,-0.666361,0.223725,-0.217534,-0.683099,-0.319248,-1.076784,-0.652246,0.002288,-0.213798,-0.48619,-0.369088,-0.199345,-0.500101,-0.655123,0.606621,2.050546,-0.2723,0.324855,-0.8398,-0.588354,-0.382378,-0.278329,-0.101558,-0.626068,0.257415,-0.560607,-0.487393,-0.615524
Early_Stage,-0.540226,-0.155216,-0.68961,-1.068786,-0.46185,-0.683099,-0.261146,-0.487008,-1.067881,-0.591784,-1.173663,-1.014809,-0.551579,0.931759,-0.500101,0.694034,0.171145,0.178443,-0.2723,-0.53065,-0.728831,-0.588354,-0.382378,-0.695257,-0.175966,1.692926,0.828072,-0.397404,-0.830347,1.909984
Early_Stage,0.187604,0.657143,-0.411463,-1.055964,-0.46185,-0.683099,-0.258513,-0.474878,0.48236,-0.296674,0.473193,-1.01039,-0.296062,-0.257802,-0.500101,0.716184,1.071491,-1.064359,-0.2723,-0.53065,0.611468,-0.588354,-0.382378,-0.120539,-2.110965,0.100375,-0.75344,-0.23673,-0.823893,0.38617
Early_Stage,0.224628,-2.128906,-0.226122,-1.982335,-0.46185,0.294952,-0.421615,-1.337449,-0.573412,-0.266827,-1.18294,-0.23261,-0.060657,0.781657,-0.500101,-0.655123,0.601194,0.641655,-0.2723,-0.53065,0.140201,0.709383,-0.382378,-1.657152,0.397516,-0.548755,-0.75344,-0.560607,-0.386515,-0.615524
Early_Stage,-0.388143,-0.333557,0.539836,0.252776,-0.46185,0.286661,-0.248905,1.480858,-0.193853,-0.180096,1.473405,-0.02453,-0.334583,0.309288,-0.500101,-0.655123,-1.094397,-0.370724,-0.2723,-0.53065,-0.36021,-0.588354,-0.382378,1.946332,0.791119,-0.663095,-0.75344,0.092239,1.076896,-0.255718
Early_Stage,0.805416,-1.437795,-0.5284,-0.660355,-0.46185,-0.683099,-0.421615,-1.246588,0.945555,0.373201,-0.443886,-0.156444,-0.562402,1.177543,-0.500101,-0.655123,1.393021,2.26071,-0.2723,-0.53065,0.461814,-0.588354,-0.382378,-1.15175,-0.618883,-0.633772,-0.75344,-0.502623,-0.811349,-0.615524
Early_Stage,0.578653,-1.364506,0.122339,-0.37904,-0.46185,-0.683099,0.015553,-1.314275,-0.613811,-0.018832,-1.449478,-0.073155,-0.477568,0.295276,-0.500101,-0.655123,0.447229,0.291398,-0.2723,-0.53065,-1.31452,-0.588354,-0.382378,0.269223,0.508803,-0.707906,-0.75344,-0.508917,-1.225695,-0.615524
Early_Stage,0.941626,-0.288064,-0.517854,-0.2547,-0.226281,0.934828,0.316976,-0.913665,-0.91815,-0.417955,-0.863309,0.434712,0.706189,0.06344,-0.500101,-0.655123,0.333871,1.155314,-0.2723,-0.53065,0.062915,-0.588354,1.064677,-0.108583,-0.112965,-0.397818,0.220758,-0.493183,-0.513516,-0.410763
Early_Stage,-0.457237,-0.000442,-1.112563,-0.931772,-0.46185,-0.683099,-0.195435,-0.200637,-0.841845,-0.530632,-0.293372,-0.728953,-0.576628,-1.807421,-0.500101,-0.655123,-0.02,0.095062,-0.2723,-0.53065,2.146536,2.70969,-0.382378,0.292107,0.19723,-0.44765,-0.75344,-0.560607,-0.144614,-0.615524
Early_Stage,0.287297,-0.596202,-0.67812,0.057282,-0.46185,0.016304,-0.421615,0.444356,-0.651325,-0.291828,-0.596641,0.586129,-0.44021,0.041923,-0.500101,-0.655123,-0.052672,-0.60432,-0.2723,-0.53065,0.761308,0.336713,-0.382378,0.97212,-0.973527,0.026753,-0.75344,-0.475719,0.214333,0.642311
Early_Stage,0.211992,-0.231978,-0.110538,-0.294085,-0.46185,-0.118397,-0.223365,0.464842,0.055335,-0.395386,0.756052,0.185806,-0.23267,0.319236,-0.500101,-0.655123,0.844965,0.517569,0.659011,0.306079,1.223083,-0.588354,2.508465,-0.94116,-0.827016,0.010482,-0.75344,-0.526212,-0.503094,0.202972
Early_Stage,-1.580843,0.876357,0.629991,3.536693,-0.113147,-0.683099,-0.274452,-0.35119,-0.599664,-0.470839,-0.040326,0.408439,-0.099186,-1.702098,1.061369,-0.655123,-0.736009,-0.411637,-0.2723,-0.53065,1.001994,-0.588354,3.824015,0.958857,-0.038757,-0.094421,-0.75344,-0.13004,-0.177253,-0.309321
Early_Stage,0.008751,-0.269219,-0.451407,-0.827929,-0.46185,-0.683099,-0.16843,-0.736675,0.72239,-0.01176,-0.948878,-1.069247,-0.546259,1.904719,1.968511,-0.655123,0.806602,1.874246,-0.2723,-0.53065,-1.126144,-0.588354,-0.382378,0.323387,0.186374,-0.535112,0.511675,-0.472962,-1.225695,-0.615524
Early_Stage,0.142645,1.021817,-0.170692,1.159761,0.058027,0.55977,-0.421615,0.807129,0.61259,0.53083,0.766707,0.723256,-0.287188,0.11613,-0.500101,1.212006,-0.207168,1.553063,-0.2723,1.331195,1.690025,1.065714,-0.382378,1.912772,0.599357,-0.467827,0.354721,-0.335504,-0.679732,0.300964
Early_Stage,0.296052,-0.187197,0.600187,-0.765116,0.309748,-0.683099,0.425873,-0.651177,1.581194,0.085706,-1.152695,-0.729377,-0.396723,0.932705,-0.500101,-0.655123,0.221091,1.059059,-0.2723,0.424931,1.016542,0.263007,-0.382378,-0.315448,0.642703,-0.295555,-0.75344,-0.521315,-0.40403,-0.615524
Early_Stage,-0.391099,-0.530076,0.298252,-0.003731,0.778199,0.91122,0.134351,1.339518,0.867172,-0.371107,0.548241,-0.1991,1.511246,-0.631414,-0.500101,-0.655123,-0.39944,-1.196523,-0.2723,-0.53065,-0.303751,-0.588354,-0.382378,1.213045,0.447807,-0.066162,0.676486,1.642579,0.12867,-0.615524
Early_Stage,0.592568,-0.232341,-0.02805,-0.279624,0.276313,0.230384,-0.421615,-0.2412,0.095489,-0.471922,0.93416,-0.51557,-0.46424,-1.295588,-0.500101,2.037204,-0.140668,-0.355885,-0.2723,-0.53065,0.879731,0.622822,-0.382378,1.387463,0.123147,-0.201264,-0.75344,-0.395267,-0.825154,0.383041
Early_Stage,0.557175,-0.45359,0.030966,-0.147594,-0.46185,-0.683099,-0.421615,0.13958,-0.845032,0.204816,-1.741321,-0.724427,-0.576089,-1.572392,-0.500101,-0.655123,0.166979,-0.040245,-0.2723,-0.53065,-0.056509,-0.588354,-0.382378,-1.004582,-0.589977,-0.820031,0.609057,-0.466184,-0.885126,-0.615524
Early_Stage,0.808684,-1.047838,-0.937571,-1.572407,-0.46185,0.408437,-0.421615,1.211061,0.217675,-0.38421,-0.047993,-0.126677,-0.464073,1.109312,-0.500101,-0.655123,1.957849,2.159362,-0.2723,-0.53065,-1.021798,-0.588354,-0.382378,-1.243505,0.11184,-0.336666,-0.75344,0.168229,-0.290891,-0.615524
Early_Stage,0.187198,-1.945093,0.413542,-0.704908,0.057507,-0.051106,-0.421615,-1.29685,0.926167,-0.295309,-1.797401,-0.574674,-0.528017,0.877956,-0.500101,-0.655123,1.42004,1.597431,-0.2723,-0.53065,0.020086,-0.588354,-0.382378,-0.983506,0.58978,-0.372653,-0.75344,-0.409024,-1.225695,-0.615524
Early_Stage,0.918504,0.008784,-0.680826,0.17336,-0.07462,0.237453,-0.421615,-0.676713,-0.473869,-0.440381,0.529918,0.473144,-0.448587,0.071337,-0.500101,2.057945,1.572357,1.052897,-0.2723,-0.53065,2.278657,-0.588354,-0.382378,-0.091456,-0.037278,-0.641686,-0.75344,-0.184004,0.293796,-0.274306
Early_Stage,0.170514,-1.147965,-1.112563,-0.613615,-0.147415,-0.683099,-0.421615,-1.463949,0.898872,-0.473998,-1.452488,-0.84821,-0.590586,0.923826,-0.500101,-0.655123,0.128303,1.60678,-0.2723,-0.53065,1.200708,-0.588354,-0.382378,-0.65102,-0.515418,-0.728423,-0.75344,-0.560607,-0.899261,0.463011
Early_Stage,0.273596,-1.359231,-0.608792,-0.67052,0.074281,-0.683099,-0.421615,-0.402556,-0.207974,0.624945,-0.483234,-0.471478,-0.483541,-0.390888,-0.500101,0.319413,0.566211,0.571138,-0.2723,-0.53065,-0.763875,-0.588354,-0.382378,0.291133,-0.126678,-0.441326,-0.75344,-0.481361,-0.662153,-0.374656
Early_Stage,-0.114324,0.737857,-0.884504,-0.562,-0.157063,0.73185,-0.293375,0.064528,-1.147505,-0.390649,1.053301,0.086918,-0.228357,-0.782658,-0.500101,-0.655123,-0.463903,-1.548184,-0.2723,-0.53065,0.473053,-0.588354,-0.382378,-2.175822,-0.605721,0.130905,0.511798,-0.304253,2.449826,-0.615524
Early_Stage,0.280813,-1.090237,-0.571428,-1.248359,-0.46185,-0.683099,-0.175126,-1.619443,-0.812086,-0.716445,-1.680634,-0.972079,-0.526604,0.773113,-0.500101,0.393888,0.79858,0.543549,-0.2723,-0.53065,0.297592,-0.588354,-0.382378,-1.65931,-0.873321,-0.789809,-0.75344,-0.560607,0.220855,0.401958
Early_Stage,0.824343,0.262885,-0.873473,-1.434561,0.155416,-0.683099,-0.421615,-0.469827,-0.860309,0.764514,-1.083989,-0.447774,-0.111206,-0.270804,-0.500101,-0.655123,-0.694947,2.055708,-0.2723,-0.53065,1.110622,-0.588354,-0.382378,1.419382,-0.00228,-0.673284,0.573019,-0.468693,-1.225695,-0.615524
Early_Stage,-0.426984,-0.870863,0.078372,0.425131,-0.46185,-0.003977,-0.421615,-0.667344,-1.169112,-0.497664,-1.556477,-0.281175,-0.616618,0.239349,-0.500101,0.358328,-0.523234,-0.903854,-0.2723,-0.53065,0.582855,-0.588354,-0.382378,-0.462089,-0.763363,-0.642003,-0.75344,-0.397772,-0.360496,-0.615524
Early_Stage,0.354674,-0.083278,-0.442214,-1.11326,-0.46185,-0.683099,-0.421615,-1.166551,-0.629062,-0.408821,-0.654267,-1.176911,-0.498945,0.708657,0.900785,-0.655123,0.271188,0.485535,-0.2723,-0.53065,0.534403,-0.588354,-0.382378,-0.851935,-0.630691,0.246229,-0.75344,-0.471696,-0.003836,0.700728
Early_Stage,0.082206,-0.016731,0.986902,1.344842,-0.46185,-0.683099,0.021088,-1.024572,0.845701,-0.516721,0.974628,-0.35096,0.407622,-0.187012,-0.500101,-0.655123,1.523861,0.116232,-0.2723,-0.53065,-1.213909,1.643831,1.840982,0.017093,0.089277,3.95318,2.185097,0.316449,-0.490729,6.960079
Early_Stage,0.246639,1.360366,0.086809,-0.328091,0.202849,-0.683099,-0.421615,0.801105,-0.116636,-0.318546,-0.836578,-0.486988,-0.457128,-0.66298,1.045303,-0.655123,-1.918616,-1.302301,-0.2723,0.686292,0.971171,-0.588354,-0.382378,-0.421383,0.116002,0.007158,-0.75344,-0.510535,-0.867235,1.133468
Late_Stage,-0.950735,-0.220209,1.803875,0.792256,-0.46185,-0.683099,-0.134993,0.978314,-0.382668,-0.632334,0.480179,0.542362,-0.320127,1.161581,-0.500101,1.756293,0.65757,-1.117221,-0.2723,-0.53065,-1.151047,0.494775,-0.382378,1.166695,0.357855,3.040493,-0.75344,-0.461221,-0.189281,0.278351
Late_Stage,0.502715,-1.26435,-0.719523,-1.125594,-0.46185,-0.683099,-0.27267,0.02637,-0.220233,0.151898,-0.715429,-0.367888,-0.504979,-1.586754,-0.500101,-0.655123,0.589887,-1.007795,-0.2723,-0.53065,-0.196464,-0.588354,-0.382378,-0.678408,1.532046,-0.701497,-0.75344,-0.409038,-0.858614,-0.615524
Late_Stage,-1.660616,0.232503,0.980663,0.108894,-0.46185,-0.130605,4.05733,-0.150023,-0.537483,-0.64961,0.218389,0.716881,-0.498849,0.521898,-0.500101,0.976073,-0.442993,0.498152,-0.2723,-0.53065,0.997366,0.856806,5.108336,-0.640983,1.70107,0.151623,-0.75344,-0.460678,0.553109,-0.615524
Late_Stage,0.270879,0.727657,-0.837051,0.485041,0.244254,0.469578,-0.421615,0.742879,-0.811922,0.340861,-0.085561,-0.00812,-0.610289,-0.958727,-0.500101,-0.655123,0.419443,-0.108178,-0.2723,0.337918,0.413438,0.185699,-0.382378,0.048957,-0.088321,0.46993,-0.75344,-0.09241,0.652458,-0.399742
Late_Stage,-0.056588,-0.657141,-0.507615,-0.188906,-0.46185,-0.683099,3.097721,-0.296885,0.747225,-0.205186,-0.154282,1.046071,6.858057,-1.094657,-0.500101,2.229517,0.676112,0.898796,-0.2723,-0.53065,-0.935136,0.710708,-0.382378,-0.308136,2.153789,-0.548364,0.964368,-0.441417,-1.225695,-0.615524
Late_Stage,1.122417,-0.678747,-0.862644,-0.738222,-0.46185,-0.683099,0.244203,-0.458272,-0.727169,-0.635909,-0.70523,-0.413762,-0.549852,0.001143,-0.500101,-0.655123,-0.144797,0.083084,-0.2723,-0.53065,-0.241815,-0.588354,-0.382378,-0.099797,-0.405836,-0.447059,-0.75344,1.184378,2.022375,-0.615524
Late_Stage,-0.05015,1.573609,-0.35372,1.584356,1.319631,1.380973,-0.294471,1.222491,1.878516,-0.126591,0.490615,1.028609,0.109487,-1.063352,0.872723,0.413654,-1.328982,0.247529,0.910285,1.576762,0.289447,1.282449,1.479547,2.628764,0.852015,-0.794039,1.713604,3.578873,2.205158,-0.615524
Late_Stage,0.069436,0.000211,-0.661644,-0.730173,-0.155275,-0.683099,-0.421615,0.332579,-0.722,-0.411528,-1.092432,0.018047,-0.591817,-0.004921,1.980556,-0.655123,-0.61284,1.171499,-0.2723,1.607498,1.248062,-0.588354,-0.382378,1.463369,1.30516,-0.733935,-0.75344,0.722216,-0.907561,-0.615524
Late_Stage,1.17229,-0.355861,-0.746722,-0.183331,-0.46185,-0.095392,-0.21532,-1.477872,-0.801188,-0.549179,-0.388676,-0.93842,-0.462704,0.698265,0.648839,0.220955,0.222303,1.221722,-0.2723,-0.53065,1.75297,0.948603,-0.382378,-1.265304,-1.56338,-0.592697,-0.235188,-0.524795,-0.005008,0.85144
Late_Stage,0.469706,-1.490604,-0.834025,-0.963456,-0.46185,-0.683099,-0.264828,-1.697957,-0.945269,0.703775,-0.840326,-1.020998,-0.230617,-0.132176,-0.500101,-0.655123,-0.073904,-1.187248,-0.2723,-0.53065,-1.319999,1.712315,-0.382378,-0.420299,-0.280785,-0.680197,-0.75344,-0.453442,-1.225695,-0.289143
Late_Stage,0.781627,-0.014711,-0.427944,0.527054,-0.46185,0.782443,0.326891,0.467289,-0.379387,-0.008278,-0.298183,-0.744236,-0.531054,0.499814,0.928177,0.46258,-0.155253,0.531987,-0.2723,-0.53065,0.159281,-0.588354,1.564031,0.629569,-0.276047,-0.385546,-0.091719,-0.252781,-1.225695,0.202397
Late_Stage,-1.237996,2.250228,-0.582588,0.565704,2.262719,0.17263,-0.121775,1.273156,2.492254,7.449621,1.655181,-0.560477,0.865707,-1.25326,-0.500101,-0.655123,-1.610937,-0.929537,-0.2723,-0.53065,-1.289662,0.545499,-0.382378,0.155309,0.52748,0.059123,-0.75344,0.700765,0.515223,-0.298737
Late_Stage,0.662581,-0.132012,0.413707,-0.813333,-0.46185,0.432075,0.241919,-0.270742,-0.365162,1.312468,-0.387842,-0.792988,-0.495283,1.308964,-0.500101,-0.655123,1.07294,0.769518,-0.2723,-0.53065,-0.073385,-0.588354,-0.382378,-0.369667,-0.068816,-0.057611,-0.75344,-0.107122,-0.271018,-0.200584
Late_Stage,-0.610831,-0.479148,-0.541936,-0.98608,-0.46185,-0.215657,-0.338821,-0.4667,0.985005,2.552236,-0.669196,-0.395071,-0.455336,0.754832,-0.500101,-0.655123,1.079673,0.659781,-0.2723,-0.53065,-0.66313,-0.588354,-0.382378,-0.353346,-0.672784,0.172364,-0.75344,-0.157825,-0.061141,-0.615524
Late_Stage,1.195346,-1.741462,-0.445254,0.245382,-0.46185,1.016949,-0.26666,0.393137,-0.644391,0.639148,-0.270765,3.938417,-0.554581,-1.449188,-0.500101,0.647639,-1.009081,0.817192,-0.2723,-0.53065,-0.16372,-0.588354,-0.382378,-0.121679,0.900125,-0.866857,0.018317,0.162347,0.216075,-0.615524
Late_Stage,-1.239914,-0.42206,-0.047637,-0.458306,-0.46185,0.337217,-0.421615,0.495409,1.133802,-0.440246,-0.292977,-0.192821,-0.443744,0.605908,-0.500101,-0.655123,0.961382,-1.313458,-0.2723,-0.53065,0.176661,0.766113,-0.382378,0.728553,0.86806,-0.267469,1.900374,-0.436337,0.057647,-0.615524
Late_Stage,0.477988,-1.038946,-0.543012,-0.212109,-0.46185,-0.683099,-0.421615,-1.0644,-0.896545,-0.128489,-0.565027,-0.202334,1.939765,1.107698,-0.500101,0.450723,-0.026913,-1.693846,-0.2723,-0.53065,-0.642392,-0.588354,-0.382378,-0.152431,0.238721,-0.269016,-0.75344,-0.560607,0.009281,-0.615524
Late_Stage,0.735356,-0.248165,0.627023,2.094658,-0.46185,0.834538,-0.421615,-0.305052,2.22331,1.476388,-0.62184,0.929388,-0.502781,-1.406329,-0.500101,1.632154,0.804253,0.697972,-0.2723,0.622415,1.098547,1.437663,-0.382378,-0.766798,0.194647,-0.200545,0.605966,-0.329885,0.928203,-0.046364
Late_Stage,1.040906,1.261649,-0.822768,-0.180516,-0.46185,-0.683099,-0.421615,1.941866,-0.909536,-0.267778,-0.383711,-0.751907,-0.550113,0.525483,4.347719,0.716684,-0.081821,1.790732,-0.2723,-0.53065,-0.556444,-0.588354,2.001799,0.602098,-0.283568,0.162803,-0.75344,4.145973,-0.823748,1.647426
Late_Stage,0.385745,-0.929492,0.519248,-0.620587,-0.46185,1.04311,-0.421615,1.100308,1.159646,-0.565924,0.536509,0.070105,-0.294484,0.030681,-0.500101,0.668389,2.065307,0.823043,-0.2723,2.075351,0.953694,-0.588354,-0.382378,0.758971,1.811429,-0.383306,-0.75344,-0.297836,0.891502,-0.615524
Late_Stage,-2.141391,-0.773425,1.58307,1.917838,-0.46185,-0.683099,1.269208,0.56999,2.757024,-0.228125,0.390872,-0.217737,-0.561556,0.029394,-0.500101,0.539788,-1.620975,-1.204175,-0.2723,2.965917,-1.413227,-0.588354,1.697225,1.021417,0.522341,3.062456,0.648258,0.862804,0.103266,0.258415
Late_Stage,0.979702,-0.44958,1.223538,0.511778,-0.46185,1.198955,-0.083125,0.111418,-0.898877,-0.633462,-0.510542,1.926512,0.344645,0.502613,-0.500101,1.264495,-0.025985,-1.057351,-0.2723,-0.53065,-0.82309,-0.588354,1.309456,0.65679,0.38636,-0.808141,0.942691,-0.560607,-0.135118,-0.615524
Late_Stage,0.846154,0.432741,-0.709104,0.557424,-0.46185,-0.683099,-0.421615,-1.099664,-0.94858,-0.467142,-0.112738,0.105173,0.931798,-0.157874,0.756746,-0.655123,-0.041781,1.13108,-0.2723,-0.53065,0.331834,-0.588354,-0.382378,-0.997074,-1.854747,-0.674036,-0.180637,-0.521018,-0.137683,-0.139926
Late_Stage,-1.587621,2.320306,-0.138255,1.900772,-0.46185,-0.027402,0.820172,1.257324,-1.075398,-0.696583,0.517571,-0.719927,0.284827,-0.901092,-0.500101,-0.655123,-1.808936,0.578295,3.91075,-0.53065,-1.010681,0.27847,-0.382378,0.694548,1.176851,-0.158643,-0.174569,6.953476,2.361708,-0.13491
Late_Stage,0.987864,0.632282,-0.713958,-1.11495,-0.46185,-0.683099,-0.421615,-0.415104,-0.892849,0.264586,-0.297195,-0.789412,0.97871,-1.865684,3.288317,-0.655123,-0.916557,1.144994,-0.2723,-0.53065,0.884753,-0.588354,-0.382378,0.515154,-0.46959,0.346066,0.736073,-0.073476,1.687719,0.008358
Late_Stage,-0.941794,-1.218319,0.034343,-1.419291,-0.46185,0.842602,-0.148259,-0.879396,1.556833,1.102284,-0.359874,-0.828633,-0.37001,0.065272,-0.500101,1.644521,0.898699,0.703753,2.270069,-0.53065,-0.917073,-0.588354,-0.382378,0.478508,0.733984,-0.620209,0.613373,-0.028773,0.0718,-0.615524
Late_Stage,0.445958,-0.620671,-0.29805,-0.159273,-0.46185,-0.683099,-0.421615,-1.138828,-0.874631,-0.246557,-0.785659,-0.07929,0.690726,1.550995,-0.500101,-0.655123,0.279162,-1.090973,-0.2723,-0.53065,0.743133,0.431679,1.621796,-0.375228,-0.493281,-0.487334,-0.75344,-0.51348,-0.562244,-0.615524
Late_Stage,0.115941,1.09807,0.009879,0.405046,9.324072,-0.683099,0.487178,0.421131,0.611875,7.796177,1.352022,-0.975892,-0.473846,-1.337313,-0.500101,0.380893,-1.536899,0.900331,3.083442,-0.53065,-1.145445,0.329673,-0.382378,0.553413,-0.392198,-0.563321,-0.140248,1.895188,-0.921711,-0.106544
Late_Stage,0.635177,-1.167885,0.931939,-1.320763,-0.01741,1.373755,-0.326301,-1.138477,0.804654,-0.277441,-0.616699,0.676253,0.454226,-1.626741,-0.500101,0.145953,-1.876839,-0.866861,0.614241,-0.53065,0.103216,-0.588354,-0.382378,0.594313,0.188806,-0.688821,-0.279675,0.148126,-0.104403,-0.615524
Late_Stage,-0.191713,2.101266,0.292752,1.023978,-0.46185,-0.070417,0.916588,1.685193,2.106886,0.387809,-0.306532,-0.517465,-0.298019,-1.244105,-0.500101,-0.655123,-0.698233,-0.821245,-0.2723,0.377878,-0.224489,0.221209,-0.382378,-0.50894,0.625204,-0.032357,0.31964,1.048026,0.044362,-0.389793
Late_Stage,-1.652267,-0.811435,-0.233112,-0.38101,-0.46185,0.049498,0.849136,1.223558,3.506606,0.450888,0.699063,1.530176,-0.386093,-1.613128,-0.500101,-0.655123,0.181762,-0.611294,-0.2723,-0.53065,-1.121787,-0.588354,-0.382378,1.095905,3.489734,2.683169,1.155718,0.792328,-0.904792,-0.615524
Late_Stage,0.488467,1.50988,1.178076,-1.269347,2.157496,-0.683099,-0.421615,0.650291,-0.552939,-0.295539,0.266239,-0.295503,-0.370955,-1.636492,-0.500101,0.560221,-0.839726,-0.772546,-0.2723,-0.53065,-1.281972,-0.588354,-0.382378,-0.670789,-0.088722,-0.676853,-0.75344,-0.560607,0.733165,-0.314763
Late_Stage,-4.059604,0.738888,3.341224,2.138117,-0.46185,0.031007,-0.421615,2.173662,2.060749,-0.646131,3.514362,1.13196,4.685079,-0.550444,0.869671,1.451583,0.465335,-1.66998,-0.2723,0.530018,-1.468326,0.356319,-0.382378,1.833001,0.495441,-0.303591,2.878192,-0.226581,1.024721,-0.3519
Late_Stage,-0.307824,-1.024576,-0.800631,-1.442427,-0.46185,-0.683099,-0.07629,1.324585,0.772606,0.070712,-0.018839,-0.713316,-0.527628,-1.338157,-0.500101,-0.655123,-0.905657,-1.541034,-0.2723,-0.53065,-0.844719,1.985423,-0.382378,1.216298,0.809095,0.929671,0.122257,0.201488,0.016535,-0.249428
Late_Stage,0.91154,0.184757,-0.675388,-0.851875,-0.46185,-0.683099,-0.421615,-0.414717,-0.188627,-0.556453,-0.103774,-0.871708,1.198387,-0.479341,-0.500101,-0.655123,0.165085,1.18713,-0.2723,-0.53065,-1.373523,1.251149,-0.382378,-0.290369,-0.344564,-0.367219,-0.75344,-0.231239,-0.619007,0.403551
Late_Stage,-1.035408,0.716062,-0.494872,-0.263256,-0.46185,-0.683099,-0.243451,0.669888,1.223888,0.940959,1.746795,-0.449151,-0.148077,-0.898634,-0.500101,-0.655123,-0.672796,-0.201908,1.384799,2.41621,-0.383248,-0.588354,-0.382378,1.090177,-0.28783,-0.211913,-0.75344,-0.207828,-0.367945,-0.244256
Late_Stage,-0.835357,-1.527189,0.777577,-0.878032,-0.46185,2.494897,-0.123358,1.696675,-0.196692,0.415166,0.278256,0.446601,2.153767,-0.783654,-0.500101,3.05682,-2.314722,-0.716601,-0.2723,-0.53065,-0.173481,-0.588354,-0.382378,1.332938,1.599661,2.199953,-0.75344,-0.560607,1.692927,-0.615524
Late_Stage,-0.273723,-1.331246,-0.915343,0.726615,0.051702,-0.683099,-0.421615,-0.552889,-0.673506,0.264264,-0.608065,-0.427316,-0.539112,0.879112,-0.500101,-0.655123,-0.20337,-0.188213,-0.2723,1.307587,1.861577,1.044861,-0.382378,0.482094,-1.323633,-0.56539,-0.75344,-0.410779,1.204084,-0.615524
Late_Stage,-0.201154,0.103781,-0.052812,-0.040483,-0.086677,1.055863,0.723372,-0.286836,0.325614,-0.308721,-0.247719,-0.015325,-0.358929,-0.225508,1.166632,-0.655123,0.865506,0.857205,-0.2723,-0.53065,1.015175,-0.588354,1.936148,-0.235094,1.153134,0.020308,0.809989,-0.399265,-0.459735,0.039465
Late_Stage,-1.120607,-0.436619,-0.446855,-0.747266,3.050023,-0.683099,1.058129,0.375642,-0.852508,-0.292365,1.561459,-0.236021,-0.554791,-0.733603,2.360733,0.644393,-2.368997,-1.262285,-0.2723,-0.53065,1.242004,0.563069,-0.382378,0.633434,-0.285398,-0.439516,1.508741,1.90652,0.85657,0.022731
Late_Stage,-0.758613,-1.26714,4.248552,0.723415,1.670074,1.944192,-0.060153,0.201476,1.156902,0.393059,0.899118,2.103404,-0.3358,-0.189142,-0.500101,1.396495,-1.549267,-0.645579,-0.2723,1.516224,-1.160845,-0.588354,-0.382378,1.601001,3.129474,-0.549702,-0.75344,-0.2351,4.241105,-0.615524
Late_Stage,0.343961,1.481866,-0.723466,1.286143,0.51352,-0.683099,-0.421615,1.315728,1.79721,0.118433,0.832023,-0.001976,-0.422684,-1.053783,1.695546,-0.655123,-0.178634,0.624386,-0.2723,4.824224,-0.132172,1.047139,2.814446,1.257588,-0.529808,0.340326,1.405732,-0.197431,-0.175439,1.156762
Late_Stage,-0.124956,0.346985,2.252698,3.225952,0.669931,6.577947,-0.247875,0.639896,-0.594929,-0.32945,-0.477478,3.609503,0.455318,0.765398,1.302549,3.588007,-0.623021,-1.730384,-0.2723,2.343556,0.098781,-0.588354,2.154777,1.02189,-0.497919,-0.558924,-0.75344,-0.271277,3.219258,1.462164
Late_Stage,-0.884744,-1.092882,2.886443,1.793516,4.371974,1.519687,-0.421615,1.629288,1.801279,-0.201951,0.725294,1.711898,1.109549,-0.763213,-0.500101,1.604174,-1.337581,-0.332894,-0.2723,0.608083,-0.565182,0.425597,1.609948,0.087243,2.364379,2.71215,-0.075907,3.83459,-0.566118,-0.615524
Late_Stage,-0.16228,0.504548,0.676841,0.559359,-0.160694,0.030197,5.513784,1.357264,-0.85882,-0.394862,-0.48609,0.217487,-0.615499,-1.565084,-0.500101,0.409757,-1.459822,-0.838178,2.05444,1.569119,-0.513241,-0.588354,-0.382378,-0.096155,-1.299165,-0.526655,-0.123104,0.90674,0.509024,-0.615524
Late_Stage,1.333687,0.311299,-0.740878,-0.36854,-0.46185,0.865578,-0.421615,-0.952738,-1.346251,-0.610075,-0.451663,0.836881,-0.353953,-0.278737,3.099417,1.679782,-0.797196,1.372813,-0.2723,-0.53065,1.130986,-0.588354,-0.382378,0.722519,-0.855496,-0.51883,-0.75344,-0.560607,0.969256,-0.615524
Late_Stage,-0.219769,-0.365611,-0.163635,0.810406,0.01682,-0.683099,-0.421615,-0.892049,-0.620432,-0.532897,-1.730527,0.27618,-0.610548,-1.2668,-0.500101,0.210371,-0.473137,-0.060335,-0.2723,-0.53065,-0.820277,0.178609,-0.382378,-0.022,-0.694069,-0.805652,-0.75344,-0.421289,-0.971563,-0.615524
Late_Stage,-0.24401,1.156641,0.90857,-0.402308,-0.46185,-0.683099,-0.421615,-0.081026,1.763059,-0.427635,0.535147,-0.494272,-0.556706,-0.210019,-0.500101,-0.655123,0.180028,-0.38534,4.251051,-0.53065,0.021212,0.165515,-0.382378,-1.201381,0.304606,0.058979,0.735729,0.607454,-0.732585,-0.405394
Late_Stage,0.231932,-1.791559,-0.453161,-1.074365,-0.46185,1.392282,-0.421615,1.642705,0.147345,-0.357615,-0.914496,1.038138,2.710461,-1.901138,-0.500101,2.493117,-0.795785,0.237125,3.206233,-0.53065,-1.283095,-0.588354,-0.382378,0.369014,1.975013,1.150233,1.122952,1.908166,3.26971,-0.218142
Late_Stage,-0.769718,0.089513,7.636337,1.813113,2.492835,0.371604,0.61144,0.784677,-0.200288,2.680739,-0.278367,1.400031,1.726127,-0.58894,-0.500101,3.925179,-2.10817,-0.799942,-0.2723,2.577814,-0.834051,-0.588354,-0.382378,-1.123418,0.676022,-0.337502,-0.75344,0.449338,-0.762869,-0.223549
Late_Stage,1.643884,1.472451,-0.845359,-0.376807,-0.46185,-0.683099,-0.421615,2.085685,-1.134464,-0.492045,0.787337,-0.791646,-0.530302,0.412924,2.300091,0.609071,-0.059282,1.50026,-0.2723,5.503561,0.278077,-0.588354,-0.382378,-1.509563,0.037382,-0.160463,-0.004626,2.240384,2.214129,1.191091
Late_Stage,0.267464,-0.601854,-0.373992,0.598172,-0.120722,0.899266,0.967764,-0.936297,0.518645,0.430762,-0.17779,-0.811933,-0.522218,0.702527,-0.500101,-0.655123,0.97571,0.612235,-0.2723,-0.53065,-0.364437,-0.588354,-0.382378,-0.242072,-0.369785,-0.40706,-0.03705,-0.511069,-1.225695,-0.615524
Late_Stage,0.050142,-1.34877,1.822025,0.574833,0.165883,0.824434,1.215317,0.774042,-0.413475,1.183596,-0.341354,1.816167,-0.479677,0.693881,-0.500101,-0.655123,0.153578,-0.893979,-0.2723,1.737284,0.259695,0.43127,-0.382378,0.997366,0.921836,-0.713528,-0.75344,-0.560607,-0.247765,-0.615524
Late_Stage,0.499632,0.669551,-0.745362,0.541209,0.732509,0.099046,-0.147425,-0.364177,1.442743,0.187429,-0.212678,-0.82728,-0.094301,-0.11367,-0.500101,-0.655123,-0.267218,-0.001321,-0.2723,-0.53065,-0.47913,0.44713,1.651887,-1.327475,-0.330826,1.290677,-0.75344,0.053944,-0.233133,1.058409
Late_Stage,0.665377,-0.101397,-0.335272,-1.111519,-0.152078,0.050877,-0.421615,-1.261648,0.558988,-0.478011,0.170253,-0.754128,-0.464394,1.205706,2.001683,-0.655123,1.080497,1.192579,-0.2723,-0.53065,1.663547,0.382823,-0.382378,-0.209958,-0.72656,1.337732,-0.75344,-0.342113,-1.225695,-0.344459
Late_Stage,0.962591,-0.392753,-0.373788,-0.714491,-0.46185,0.899708,-0.421615,-1.084425,-0.414957,-0.399442,-0.450016,-0.494423,3.307078,0.216356,-0.500101,0.5549,0.309959,0.150874,-0.2723,-0.53065,-1.095155,-0.588354,-0.382378,-0.334995,-0.559391,-0.335593,0.665886,-0.560607,1.014267,-0.316088
Late_Stage,1.012684,-1.046298,-0.302371,-0.099182,-0.208451,-0.683099,-0.421615,-1.663855,-0.693116,-0.680846,-0.518737,0.198937,-0.515076,1.637055,-0.500101,0.237835,2.228904,0.757134,-0.2723,-0.53065,1.750511,0.977911,1.175404,-1.27587,-1.13691,-0.642822,-0.75344,-0.381939,-0.218468,0.463467
Late_Stage,-1.419393,0.444772,-0.191116,1.958332,-0.46185,-0.683099,-0.421615,1.010209,1.071001,0.166178,0.322547,-0.32992,-0.019495,-1.354663,-0.500101,-0.655123,0.562594,-0.200364,-0.2723,2.050944,2.069623,0.573262,-0.382378,-0.261925,-0.572804,-0.491059,0.783643,-0.560607,0.22467,2.689267
Late_Stage,1.317136,-0.408271,-0.51033,-0.747136,0.076298,-0.683099,-0.191521,-1.293209,-0.640008,0.119778,-0.243655,0.049833,1.650308,0.011091,4.546487,-0.655123,1.040978,1.378585,-0.2723,1.399496,-0.122812,-0.588354,-0.382378,-0.988066,-0.687726,0.099283,-0.75344,-0.403338,-0.65997,-0.134829
Late_Stage,-4.298164,-2.144728,0.780602,-0.750677,-0.46185,0.288063,0.534967,-1.266577,2.98471,-0.517281,0.597453,-0.593974,4.688889,0.04145,-0.500101,-0.655123,1.595323,-1.659808,-0.2723,-0.53065,-1.460672,-0.588354,-0.382378,1.207818,-0.670804,0.575802,0.108515,-0.007338,3.983567,0.098628
Late_Stage,1.035241,-0.155318,-0.272532,-0.076874,0.10967,1.332062,0.056572,-1.05783,-0.968988,0.007026,-0.436175,1.486248,-0.292926,-1.492018,-0.500101,0.387134,-0.094985,-0.210991,-0.2723,-0.53065,-0.310922,1.236589,4.859209,-0.257087,1.100311,-0.626944,2.231305,0.203386,-0.33675,-0.615524
Late_Stage,-1.524665,2.897206,1.934601,4.239144,0.410531,1.433318,-0.421615,0.232994,0.65901,0.814587,1.902669,6.153113,-0.23205,-1.352649,2.906349,2.556883,1.38894,-0.616872,-0.2723,1.099281,1.026808,4.900028,2.45451,0.169517,1.261764,0.635526,-0.75344,0.112735,0.954889,-0.615524
Late_Stage,-2.369738,0.826272,2.028266,0.88834,1.280487,-0.683099,-0.421615,-0.344215,-0.508202,0.525497,2.751818,1.002711,0.037601,-1.105913,-0.500101,0.55671,-1.213958,-1.719708,-0.2723,-0.53065,-1.436902,1.529324,-0.382378,-0.386934,1.111041,-0.000231,1.358379,-0.560607,-0.52809,-0.615524
Late_Stage,0.753778,0.793768,-0.676174,-1.47095,-0.46185,1.969947,3.372953,0.463315,-0.488452,-0.260649,-0.740096,-0.277825,0.789531,-0.159481,-0.500101,-0.655123,-0.468998,-0.281493,-0.2723,-0.53065,0.731024,0.645675,-0.382378,0.987218,0.685548,0.057656,1.668327,0.944008,-0.426655,0.729355
Late_Stage,0.594459,1.595389,0.574993,1.639258,-0.46185,0.785067,4.360833,2.039307,1.18794,-0.544398,0.1565,0.992986,-0.578332,-1.213949,2.044826,-0.655123,-1.048609,-0.694442,0.966657,0.58358,0.111299,-0.588354,-0.382378,-0.140781,0.893807,-0.210714,-0.75344,0.030088,0.024016,0.203894
Late_Stage,1.395817,1.230599,0.189814,-0.214338,-0.46185,-0.683099,-0.421615,-0.66863,-1.071696,-0.168424,-1.100438,0.432276,2.198361,-1.816555,-0.500101,-0.655123,-0.502362,0.295595,-0.2723,-0.53065,-0.572,-0.588354,-0.382378,0.687847,0.833914,-0.37799,-0.75344,-0.451919,0.91096,-0.615524
Late_Stage,0.267604,1.63462,1.055172,0.419816,-0.46185,0.489401,-0.421615,0.88719,0.100599,0.237757,0.499732,-0.117498,0.292774,-0.534053,0.663989,-0.655123,-1.792792,-0.009528,-0.2723,-0.53065,0.732902,-0.588354,-0.382378,0.213114,-1.289713,0.737877,-0.75344,-0.246964,-0.463679,-0.178763
Late_Stage,0.275234,-0.906316,-0.476486,0.513549,-0.168845,-0.683099,-0.060982,-0.261205,-1.161715,0.290056,-0.66043,-0.781888,-0.627285,-2.020835,-0.500101,-0.655123,-0.535157,0.577583,-0.2723,-0.53065,1.743714,0.329175,-0.382378,-0.790599,-0.626128,-0.461575,-0.75344,0.553099,-0.627622,0.142656
Late_Stage,0.47412,1.08944,1.394792,0.648971,0.152042,0.313075,1.793997,1.175998,-0.514525,-0.072792,-0.605846,0.109127,4.053005,-1.132506,-0.500101,0.097365,-1.349239,-1.161921,8.14264,-0.53065,-0.006378,0.733702,0.931807,-0.229922,0.703649,1.312966,1.838009,-0.40966,0.028402,-0.615524
Late_Stage,1.018117,0.361152,-0.278107,0.51279,0.609536,6.686206,0.689273,-1.159287,-0.788149,-0.603918,0.263317,0.113139,0.030919,0.789205,0.834075,-0.655123,0.740424,1.778338,-0.2723,0.498951,-0.622,1.223977,-0.382378,0.322525,-0.470793,0.393868,-0.140872,-0.560607,0.202686,-0.615524
Late_Stage,0.609645,-0.00438,-0.296876,-0.053192,0.346686,-0.683099,6.702379,-0.954509,-0.419951,-0.563468,0.330434,-0.793403,-0.374205,0.133488,0.805907,-0.655123,1.279048,-0.165103,-0.2723,-0.53065,0.132969,1.181583,-0.382378,-0.496678,0.525425,-0.32281,-0.155422,-0.438103,-0.362957,0.124491
Late_Stage,0.981839,0.436126,-0.183975,1.160213,-0.46185,-0.683099,-0.283778,-0.06784,1.313796,-0.487855,0.662088,-0.52483,-0.478577,0.435379,-0.500101,1.632289,0.728672,1.26617,-0.2723,-0.53065,1.249948,0.438373,-0.382378,-0.451106,-1.051445,-0.585159,-0.75344,-0.466394,0.36184,-0.615524
Late_Stage,-0.738793,1.099611,-0.621544,0.846453,-0.022023,-0.683099,0.11867,1.394711,0.612821,2.638619,-0.154853,-0.749848,0.807627,1.14053,1.41736,0.137299,-2.455016,-0.04465,-0.2723,1.034262,0.175204,-0.588354,1.001115,0.665214,-0.213973,-0.192815,1.085865,0.320868,-0.327591,-0.615524
Late_Stage,-1.089149,3.057821,3.283566,1.651678,0.0679,-0.683099,-0.421615,2.085381,-0.219266,-0.087703,3.204393,0.098534,1.721779,-1.820007,-0.500101,-0.655123,-2.351121,-0.387948,3.845264,-0.53065,-0.495633,-0.588354,-0.382378,2.539595,-1.277128,4.263101,-0.183977,-0.294362,0.353647,-0.377677
Late_Stage,1.009508,1.254762,-0.087315,1.03289,0.839293,0.997504,-0.421615,0.639593,-0.779758,-0.386931,-0.521812,1.865122,-0.222991,-0.608275,-0.500101,1.053018,-0.843031,-1.593369,-0.2723,0.326908,0.506391,1.659324,5.35625,-0.79007,0.09735,-0.506797,0.756049,-0.036836,-0.023002,-0.615524
Late_Stage,0.330792,1.098375,0.139644,0.820982,-0.132713,-0.683099,5.510046,0.885799,0.267197,1.103915,-0.335092,-0.240023,5.519153,-1.41528,-0.500101,-0.655123,0.620381,1.166084,-0.2723,-0.53065,0.414357,-0.588354,-0.382378,0.355139,1.585095,0.399608,1.933143,-0.328427,-0.553811,-0.327012
Late_Stage,-4.748759,-0.387333,2.703816,0.557768,-0.150956,2.720361,-0.421615,3.238158,1.718826,-0.500577,0.82976,3.658567,0.876385,-1.163214,-0.500101,5.563262,-1.923969,-1.528797,0.94489,2.692609,-1.390413,2.263202,-0.382378,1.336191,5.601604,4.090652,1.784275,0.241539,4.838526,-0.615524
Late_Stage,0.575005,-1.480028,-0.186671,-0.761034,-0.46185,0.090122,0.350408,-0.115253,1.8743,0.447435,1.425093,-0.727213,0.414338,0.186535,-0.500101,-0.655123,-0.032093,-0.998302,-0.2723,-0.53065,0.119194,0.43521,-0.382378,0.473252,0.789013,1.455782,1.908428,-0.032989,-0.559997,-0.329745
Late_Stage,-0.035749,0.596799,0.880688,-0.121399,-0.029761,3.108911,-0.421615,1.408421,-0.097763,-0.570483,1.051324,-0.069945,0.301416,0.084302,1.387808,0.887068,0.584318,-0.124279,-0.2723,-0.53065,-0.913593,-0.588354,-0.382378,0.219036,-1.252634,0.548785,1.923227,-0.374288,-0.343409,-0.233235
Late_Stage,-1.862492,2.257943,-0.427522,2.147879,-0.145888,-0.683099,-0.421615,1.539534,1.129649,0.281384,4.77665,0.622172,-0.170154,-0.671176,-0.500101,2.617422,0.316361,-0.640565,-0.2723,0.582239,-1.153056,0.402666,1.565269,0.579465,0.559044,0.317055,-0.75344,-0.560607,0.58931,-0.615524
Late_Stage,-2.438452,2.160069,0.338597,0.355404,1.335324,-0.683099,-0.167924,0.023504,-0.134563,2.443251,3.84283,-0.761416,-0.466905,-0.881553,-0.500101,0.424951,-0.928367,-1.423833,0.922774,1.598901,-1.360711,1.301969,5.040573,1.322567,0.468565,5.465114,0.514222,-0.472785,-0.908842,-0.084925
Late_Stage,-0.510333,1.838316,0.019561,1.368054,-0.46185,0.822072,1.311325,1.417017,-0.313179,-0.613845,0.110254,0.915664,-0.528062,-1.330391,-0.500101,-0.655123,-0.183871,-1.109984,-0.2723,-0.53065,-0.50824,0.429617,1.617781,0.281902,-0.558213,-0.34407,-0.073209,-0.117653,1.180708,-0.331317
Late_Stage,1.606021,-0.391343,-0.313993,-0.737206,-0.092433,0.194438,-0.265487,-1.125358,-0.745911,-0.398596,-0.683294,-0.895462,-0.443893,2.150487,1.143872,-0.655123,-0.241658,0.457921,-0.2723,-0.53065,0.631756,1.702793,-0.382378,-0.817875,-0.25198,-0.750468,-0.75344,-0.560607,0.226342,0.029163
Late_Stage,0.968237,0.102474,-0.055718,-0.283046,-0.46185,-0.683099,-0.421615,-0.695892,-1.112619,-0.533193,-0.314067,-0.610347,-0.08752,-0.661402,1.002434,-0.655123,0.878471,0.048051,-0.2723,-0.53065,-0.950079,-0.588354,-0.382378,-0.405368,-0.566386,-0.389598,-0.75344,-0.560607,-0.543765,-0.322573
Late_Stage,-0.313916,0.48284,0.500804,2.354256,-0.46185,3.043825,-0.136753,0.25531,3.139112,-0.346772,0.023145,0.384213,-0.496231,0.184579,2.214115,-0.655123,0.274635,-0.533719,1.071709,1.862721,1.068304,0.488027,-0.382378,0.10932,-0.28798,0.114186,-0.75344,0.11753,-0.195486,-0.615524
Late_Stage,-0.01525,1.246741,-0.655317,0.546487,0.025683,-0.683099,0.710218,0.011039,-0.559993,0.055908,1.566094,0.774119,-0.553677,-1.370945,-0.500101,-0.655123,0.002785,-1.493847,-0.2723,-0.53065,-0.903791,2.445698,-0.382378,0.657707,-1.074335,0.277629,-0.75344,-0.282424,0.669642,-0.182023
Late_Stage,-1.090288,1.410684,1.272516,1.299376,1.957893,-0.683099,0.512262,1.2323,0.369564,-0.527366,1.32768,0.815866,0.32118,-0.676557,-0.500101,1.746469,0.309088,-0.528145,-0.2723,1.867748,-1.412207,-0.588354,-0.382378,2.605742,0.521689,0.230711,4.016253,-0.226296,0.436452,-0.314262
Late_Stage,-0.550778,1.718618,0.024571,-0.234066,0.97177,-0.683099,0.105965,1.350906,1.02968,-0.24523,-0.949693,-0.527457,0.973068,0.425555,-0.500101,0.499199,-1.343045,0.664354,-0.2723,-0.53065,0.538251,0.434468,-0.382378,0.538398,-0.390493,-0.705234,0.600902,0.822667,0.356212,-0.615524
Late_Stage,0.451916,0.395065,0.258147,2.442132,-0.46185,2.070953,-0.421615,-0.130217,0.050929,-0.739504,-0.841152,0.5219,0.816902,-1.460917,-0.500101,0.436292,-0.781797,-1.383931,-0.2723,0.555284,-0.211447,-0.588354,-0.382378,-0.75234,-0.956279,1.3716,-0.107339,0.23585,0.275556,-0.345605
Late_Stage,0.121779,-0.093478,-0.434859,0.932287,1.150962,0.767483,-0.421615,0.16612,0.222385,0.936971,-0.576605,1.085956,-0.520542,0.002837,2.019776,-0.655123,-0.44824,0.222019,4.436181,1.649615,0.015865,-0.588354,-0.382378,0.695438,-0.563578,0.048426,0.544444,3.933687,0.570675,-0.615524
Late_Stage,-1.815601,1.26287,-0.508501,-0.376785,-0.46185,-0.683099,0.115092,0.357561,-0.825934,-0.662143,1.406287,-0.935251,-0.575342,0.271214,-0.500101,0.52,-1.536786,-1.539016,-0.2723,-0.53065,1.113109,-0.588354,-0.382378,0.104065,-0.005789,0.342677,-0.75344,-0.560607,0.082448,-0.615524
Late_Stage,0.929742,0.000589,-0.532805,-0.278708,-0.46185,-0.683099,-0.30971,-0.177453,-1.187606,0.012359,-0.936575,0.20041,2.169511,1.478467,0.724806,-0.655123,-0.91991,0.072096,-0.2723,-0.53065,-0.78181,0.24515,1.257908,-0.054253,-0.83381,-0.915906,-0.196896,-0.560607,0.320366,-0.615524
Late_Stage,-1.020115,-1.585296,1.721774,0.476309,0.279913,-0.683099,-0.421615,-1.223406,0.23864,-0.124519,-1.079773,-1.009835,-0.449076,-1.228267,-0.500101,2.05101,-0.694625,-0.166741,-0.2723,-0.53065,-1.320309,-0.588354,-0.382378,-0.739939,-0.248821,1.692861,0.060772,-0.134561,0.290104,-0.615524
Late_Stage,-4.43201,2.252916,0.253751,0.267636,-0.46185,-0.683099,-0.421615,1.312423,0.438842,1.325998,0.668437,-0.770283,-0.469954,-1.668088,-0.500101,-0.655123,0.190029,-1.712812,-0.2723,-0.53065,-1.440815,-0.588354,-0.382378,1.761377,0.632174,-0.033499,-0.75344,-0.488579,0.235986,-0.615524
Late_Stage,0.112272,1.383542,-0.727464,0.740409,-0.46185,0.137404,0.137576,0.352583,0.063694,-0.317231,0.121173,-0.805665,-0.356127,0.477904,-0.500101,-0.655123,0.011242,1.175364,1.084639,0.690145,0.496333,-0.588354,1.751656,0.862598,-0.047958,0.267801,0.685091,0.656175,-0.86611,-0.615524
Late_Stage,0.348662,1.268914,0.460748,0.8968,-0.128553,0.863216,-0.011614,-0.704624,-0.537777,1.291699,0.381228,0.271503,-0.342476,-0.470484,0.999393,-0.655123,-0.583312,1.464702,-0.2723,0.644961,-0.644333,0.458313,1.673658,0.124891,-1.265646,-0.141809,-0.75344,0.179323,0.088893,1.608785
Late_Stage,-4.757827,1.925293,1.319677,1.107498,0.138759,0.052351,-0.421615,1.933019,2.385492,-0.691265,4.490188,-0.208755,1.46254,-1.029066,-0.500101,0.443119,0.366429,-1.700786,0.942861,-0.53065,-1.468326,1.333362,-0.382378,3.728069,0.974734,1.099899,1.780123,5.017759,1.3381,-0.615524
Late_Stage,-0.372937,0.616168,-0.249024,1.533864,-0.46185,-0.683099,0.002875,-1.356672,0.827827,-0.658882,1.206298,3.387328,0.154821,0.509289,2.230607,0.569083,2.260704,-0.393106,-0.2723,-0.53065,-1.095891,1.550639,1.747722,-0.377591,-0.104115,2.820012,0.682428,-0.27048,-0.187817,0.854464
Late_Stage,-1.815774,-0.084353,-0.24372,0.791677,-0.46185,0.040243,-0.293137,-1.076285,-1.347274,-0.668457,-0.091427,-0.063703,-0.400257,0.423686,-0.500101,1.478734,-0.304606,-1.617562,-0.2723,-0.53065,-0.638316,-0.588354,1.49894,0.108041,-0.605972,-0.103361,-0.114116,-0.027148,-0.908862,-0.084958
Late_Stage,-1.045668,1.208121,0.658816,-0.393761,0.267175,-0.683099,0.332725,1.777855,-0.467865,1.006871,-0.454168,-0.003132,0.034758,-1.261077,1.183137,0.693796,-1.985532,-1.223256,1.219966,-0.53065,-0.742578,-0.588354,-0.382378,0.490185,1.293352,-0.621908,0.045785,1.920541,1.843919,-0.281477
Late_Stage,-2.047397,-0.54526,-0.499103,-0.989621,-0.46185,-0.683099,-0.421615,1.80245,0.53837,0.710447,0.855003,0.206481,-0.267852,-0.765046,4.60854,-0.655123,-0.220833,-1.330345,-0.2723,-0.53065,-1.36392,2.002761,-0.382378,0.006332,-0.145682,-0.533544,0.989113,0.302722,-1.225695,-0.615524
Late_Stage,-0.30331,-0.382524,-0.677463,1.272675,-0.16604,-0.683099,-0.297229,0.13318,-0.903047,-0.625201,0.271094,3.19918,-0.526969,-0.131696,-0.500101,2.40914,0.577642,-0.758039,-0.2723,0.509541,0.73597,-0.588354,-0.382378,0.11413,-1.116954,0.897399,-0.134568,-0.272042,-1.225695,-0.357002
Late_Stage,-1.032945,0.170096,1.204031,2.093229,-0.46185,2.270399,-0.421615,1.375669,-0.535843,-0.383954,0.885739,2.210908,-0.488428,1.018358,-0.500101,-0.655123,-1.482304,-0.573791,-0.2723,2.912315,-0.558392,3.417723,-0.382378,2.176469,0.672387,-0.521178,0.626536,0.215191,0.384239,-0.615524
Late_Stage,0.781048,-0.652506,0.688464,0.257151,0.024305,1.02969,-0.421615,-0.18906,-1.047131,-0.251232,-0.136838,0.670425,0.782934,-0.648888,3.068022,-0.655123,-0.886168,-0.359082,-0.2723,-0.53065,0.183908,-0.588354,-0.382378,0.480176,-1.372144,-0.773837,-0.75344,-0.419038,-0.471368,-0.615524
Late_Stage,0.563773,-0.628793,-0.119068,-0.365104,-0.14867,0.059058,-0.289767,-0.690956,0.053505,0.486888,-0.11845,-0.554954,-0.405423,-0.541812,-0.500101,-0.655123,0.6808,1.385672,-0.2723,0.572183,0.7565,-0.588354,-0.382378,-0.499486,-0.039434,0.711264,1.180508,-0.515244,-1.225695,-0.071051
Late_Stage,-1.477382,1.543038,2.023656,1.573816,-0.20759,-0.683099,-0.421615,0.594292,0.520506,1.576135,1.421556,0.142993,-0.495931,-1.863086,0.672456,0.240924,-1.049831,-1.29329,0.719277,1.237876,0.098774,0.983267,2.691248,0.499027,-0.313753,-0.062076,0.299131,0.338303,0.021309,0.883953
Late_Stage,0.38721,0.343309,-0.345679,0.19283,5.512147,-0.683099,-0.421615,0.782502,0.364769,1.257746,0.656463,-0.169226,-0.236207,-1.79215,-0.500101,0.603045,0.642588,-0.920871,-0.2723,-0.53065,-0.042597,-0.588354,-0.382378,1.152904,1.14436,-0.108761,1.437876,0.01088,0.488096,-0.615524
Late_Stage,1.361583,0.227403,-0.757173,-0.03468,-0.46185,2.162988,-0.421615,-0.855334,-0.818656,-0.34997,-0.383711,2.085155,-0.577754,-0.378425,2.981937,-0.655123,0.483584,1.14143,-0.2723,1.697658,-1.107779,0.413349,1.586086,-0.109056,-0.639416,-0.474453,-0.75344,-0.468689,2.139064,-0.615524
Late_Stage,-0.191141,0.538708,-0.097433,0.676015,-0.46185,0.752381,-0.334462,0.93615,-0.816772,0.44406,1.286135,0.633086,-0.283497,0.219585,-0.500101,2.203498,-1.674851,-1.06088,-0.2723,-0.53065,-0.579261,0.060738,-0.382378,-0.293678,0.1332,-0.520194,-0.75344,-0.328441,0.371213,-0.255565
Late_Stage,-0.471851,1.545348,-0.396054,-0.135337,-0.46185,-0.683099,-0.146644,0.059927,1.829793,-0.068881,1.403299,-0.826017,-0.037648,0.079648,-0.500101,-0.655123,0.594347,0.828086,-0.2723,-0.53065,0.00685,-0.588354,-0.382378,0.617752,0.59339,3.025177,-0.059452,-0.327287,2.714592,-0.039824
Late_Stage,-1.919176,-0.54696,-0.543991,0.138271,-0.46185,-0.683099,-0.421615,-1.420958,-0.597464,-0.666873,0.542155,-0.465433,-0.406345,0.464517,-0.500101,-0.655123,-0.276423,-1.301495,-0.2723,-0.53065,-0.671723,-0.588354,-0.382378,-0.757428,-1.325263,-0.418285,0.54203,-0.515427,0.007208,2.898215
Late_Stage,0.258782,-0.850361,0.16777,-0.10954,-0.46185,0.880215,-0.421615,-1.428155,-1.292612,-0.739504,-1.778568,-0.604752,-0.015583,-1.301835,-0.500101,-0.655123,0.587046,-0.721932,-0.2723,-0.53065,-1.389701,-0.588354,-0.382378,-1.631714,0.371293,-0.69694,1.328872,0.025494,0.988578,-0.615524
Late_Stage,0.299834,1.333384,0.201619,1.0565,-0.46185,-0.683099,1.172285,1.699383,-0.04269,-0.077518,0.517725,0.260421,-0.334566,-0.151293,0.842412,-0.655123,-2.149188,-1.290913,-0.2723,3.509315,2.245292,0.335185,-0.382378,1.486697,0.192466,-0.204377,1.653619,1.09703,2.132716,0.395481
Late_Stage,1.095959,-0.877227,-0.880981,-0.380126,-0.152432,-0.683099,-0.421615,-1.294327,1.126253,-0.525217,-0.090944,0.028319,-0.626638,-0.339383,-0.500101,-0.655123,-0.851488,0.341433,-0.2723,0.558602,-0.896761,-0.588354,-0.382378,1.027562,-0.087669,-0.717513,-0.105363,-0.560607,-0.002489,0.185726
Late_Stage,0.737061,-0.081171,-0.691335,-0.184981,-0.46185,1.275255,-0.421615,-1.14602,-1.169756,-0.305548,-1.03307,-0.613556,4.288188,0.348853,-0.500101,-0.655123,0.699542,-0.255997,-0.2723,-0.53065,-1.249594,-0.588354,-0.382378,-0.549284,-1.075663,-0.553039,1.013701,-0.478354,0.172301,-0.615524
Late_Stage,0.172132,-0.371001,-0.5039,-0.615167,0.330915,0.302064,-0.421615,0.339637,0.083976,-0.642145,-0.568696,-0.007523,-0.329797,2.32391,-0.500101,-0.655123,1.124353,0.169935,-0.2723,-0.53065,0.09713,0.718926,-0.382378,0.046816,1.223807,-0.44609,2.625206,-0.440664,0.015045,-0.615524
Late_Stage,-0.455946,0.708826,-0.722364,0.763367,1.55619,0.148338,-0.421615,0.645522,1.19694,6.157506,1.878503,-0.180803,-0.228692,-0.599389,1.067757,0.587872,-1.482446,-0.86304,1.102885,0.706633,-1.272659,6.518535,-0.382378,-0.235038,-0.424037,4.117221,-0.017235,-0.361455,0.153692,1.44283
Late_Stage,-0.195362,0.542661,0.753638,1.372863,0.857846,1.023856,-0.421615,1.373295,0.030437,-0.586832,-1.091353,-0.1967,0.318667,-0.2351,-0.500101,0.22139,-1.178861,0.495123,-0.2723,0.340928,0.094747,0.188371,-0.382378,-0.094626,-0.473676,0.254152,-0.234929,-0.317505,-0.473965,0.027009
Late_Stage,-0.293304,-0.497354,0.930124,0.482781,-0.46185,-0.002299,2.283411,-1.563289,-1.087574,-0.595418,-0.707531,0.32798,-0.450704,1.51809,1.359661,-0.144173,0.754535,0.244861,-0.2723,0.480003,-0.598596,-0.588354,0.51169,-1.906566,-1.25805,0.585284,-0.75344,-0.519045,-0.781996,-0.239978
Late_Stage,0.102259,-0.124296,1.529999,-0.15911,-0.184082,-0.025858,-0.304961,0.200451,-0.914775,0.939727,0.66301,0.376926,1.069351,0.64383,0.771313,0.325419,-1.657217,-0.967714,-0.2723,-0.53065,-0.438822,0.28053,-0.382378,0.236664,-0.175841,-0.683299,-0.75344,-0.004358,0.624242,0.56732
Late_Stage,0.685989,-1.186193,-1.00452,-1.487179,-0.175175,-0.683099,-0.421615,-1.598003,-1.042585,-0.075202,-0.868135,-0.88615,-0.509218,0.899175,-0.500101,-0.655123,-0.864301,-1.30401,-0.2723,-0.53065,-0.449847,-0.588354,1.382502,0.164957,-1.196778,-0.822649,-0.75344,-0.478265,-0.640552,0.126062
Late_Stage,-0.625352,-0.829351,0.47961,-0.95707,0.052907,0.547268,0.769614,-0.555441,-0.654393,2.159702,-1.148332,0.253438,-0.618348,1.434,-0.500101,1.192949,-0.943216,0.676159,-0.2723,-0.53065,0.922297,-0.588354,-0.382378,-1.349051,1.013217,2.18455,-0.75344,-0.560607,0.310009,-0.615524
Late_Stage,0.698113,-0.601418,-0.349755,-0.680074,-0.46185,-0.683099,-0.321898,-1.475457,0.125128,-0.396783,0.779164,-0.647288,-0.234271,1.592356,-0.500101,-0.655123,1.618799,0.52777,-0.2723,0.302641,0.262106,-0.588354,-0.382378,-1.053378,-1.462498,-0.43715,-0.257716,-0.392748,0.582587,-0.408524
Late_Stage,-0.482956,1.396299,0.879718,1.527862,-0.240708,1.316065,0.587628,0.722373,1.436003,-0.421333,0.16865,-0.185078,2.293552,-1.283095,1.386912,0.122367,0.233857,-0.996362,-0.2723,0.242242,-0.207399,-0.588354,-0.382378,0.951322,0.965759,1.873283,0.160371,1.839567,0.840066,1.399131
Late_Stage,0.095182,-0.269756,0.281125,0.213746,-0.46185,0.774569,-0.421615,0.27657,2.00598,1.182863,-0.185479,1.412575,-0.438983,0.672975,-0.500101,-0.655123,-1.869492,-1.113335,-0.2723,2.725605,-1.234741,2.292104,1.553349,0.317019,-0.99772,-0.209404,0.550934,-0.339086,-0.58462,-0.340606
Late_Stage,-1.494659,1.66153,1.660694,1.921038,-0.46185,0.21135,0.041173,1.440064,1.276901,0.674256,0.609361,-0.108807,0.582697,-0.568376,-0.500101,-0.655123,-0.005577,-1.730781,-0.2723,0.801761,-1.447365,-0.588354,-0.382378,3.732851,0.663913,0.796954,2.319065,-0.505769,0.252905,-0.615524
Late_Stage,-0.636144,0.831256,1.32552,1.297659,1.306734,1.995512,1.195075,2.853268,2.05626,0.354022,2.510965,1.173637,1.451897,0.125336,0.86217,0.4044,-1.398938,-1.050768,6.346604,3.574765,-1.209653,0.350495,-0.382378,2.143021,0.162156,-0.39394,1.096433,3.152425,1.730216,-0.095009
Late_Stage,1.064275,-0.043364,-0.661329,-0.162671,-0.46185,0.741072,-0.421615,-1.626337,-0.930657,-0.229233,-0.244512,0.578766,-0.300675,1.068925,-0.500101,1.488932,-0.558179,0.931736,-0.2723,-0.53065,-1.310266,1.310884,-0.382378,-0.361465,-1.240225,-0.375066,-0.75344,-0.560607,-0.599467,-0.615524
Late_Stage,0.287404,-1.124978,-0.614216,-1.403304,-0.46185,-0.683099,-0.421615,-0.325862,-0.909155,0.67397,-0.207383,-0.035082,-0.523014,0.814751,-0.500101,-0.655123,-0.624792,-0.157867,-0.2723,-0.53065,-0.555642,0.476161,1.708404,-0.891751,1.088353,-0.672085,-0.75344,-0.23053,-1.225695,-0.615524
Late_Stage,1.50786,-0.379298,0.915645,0.318977,0.116346,1.355718,1.950662,-1.167656,-0.847191,-0.693179,-0.228869,0.538837,-0.449002,1.305597,0.857095,0.399954,1.304551,0.461332,-0.2723,-0.53065,-0.114605,2.149341,-0.382378,-1.3364,-0.667845,-0.38361,-0.75344,-0.560607,-0.616516,0.156916
Late_Stage,-0.324276,1.976613,-0.0597,-0.41583,3.594119,-0.683099,-0.421615,1.339298,1.266892,0.357147,0.078882,0.161714,-0.469641,1.040987,2.403015,-0.655123,-1.649243,-1.077941,-0.2723,-0.53065,-1.368675,0.585088,-0.382378,-1.131147,1.346451,-0.237327,-0.75344,5.713574,-0.464923,-0.615524
Late_Stage,-1.834796,0.825763,-0.011195,0.782168,-0.46185,0.65147,-0.421615,1.126389,0.606765,-0.1567,1.354351,0.77967,-0.291581,-0.403061,-0.500101,2.321783,1.121901,-0.326608,0.850929,-0.53065,-1.244621,-0.588354,3.088794,1.789376,2.341866,4.196342,1.019845,-0.519081,1.164767,-0.615524
Late_Stage,-0.720011,0.349891,-0.065592,0.008725,-0.46185,0.024526,-0.421615,0.225193,0.91397,-0.068797,1.007319,-0.326428,-0.330557,-0.668274,-0.500101,-0.655123,0.268584,-1.108767,-0.2723,-0.53065,-1.081773,0.347678,-0.382378,0.285711,-0.562951,0.257986,-0.75344,-0.229527,-0.043283,-0.354325
Late_Stage,-1.587501,-2.262992,2.752843,-1.982335,1.813338,0.280131,4.528385,2.234889,0.246726,2.771294,-0.590665,0.448984,-0.62283,-1.421069,-0.500101,-0.655123,-0.096954,-1.269062,-0.2723,-0.53065,-1.460736,5.406064,-0.382378,-0.996101,2.007604,-0.64632,5.580127,-0.560607,2.617432,-0.615524
Late_Stage,-0.352211,1.290201,-0.817294,-0.560695,2.000373,-0.683099,-0.421615,0.799045,0.054294,-0.525928,0.844721,-0.274593,0.910071,-0.672601,-0.500101,-0.655123,1.141902,-1.037037,5.620342,-0.53065,-1.13833,-0.588354,-0.382378,0.170601,-0.030534,0.046444,0.074936,1.790018,0.663145,2.598764
Late_Stage,-0.434461,-2.33489,0.801658,-1.759596,3.148409,1.529552,3.603775,0.117651,3.555339,0.627767,-1.060675,-0.080599,-0.564478,-1.918678,-0.500101,4.294929,-0.011221,-0.010602,-0.2723,-0.53065,-0.101107,-0.588354,-0.382378,1.032261,0.628488,-0.829139,0.262935,0.199291,-1.225695,-0.615524
Late_Stage,0.005842,0.740908,-0.815713,-0.148299,-0.46185,0.255797,-0.421615,0.955287,-0.446668,-0.616144,0.142286,-1.291755,-0.163617,-1.601785,-0.500101,-0.655123,0.583021,0.302509,-0.2723,-0.53065,1.492645,-0.588354,-0.382378,-0.013492,-0.501579,-0.205846,-0.75344,-0.125305,-0.041197,-0.615524
Late_Stage,-0.078132,0.401342,-0.675818,0.190896,4.19032,0.248204,1.027649,-0.639433,-0.172867,2.138743,0.035448,-0.743782,0.537284,-0.667125,1.231477,-0.655123,-0.659405,-0.148225,-0.2723,2.212956,-1.256911,-0.588354,-0.382378,0.023627,-0.362991,-0.404992,1.670306,1.42341,-1.225695,0.069038
Late_Stage,-0.47761,-1.008956,0.687244,0.634472,2.468081,0.992184,-0.268992,-0.349014,0.718164,-0.654963,0.98726,1.463322,-0.190914,0.654897,-0.500101,-0.655123,1.811829,-0.751481,-0.2723,-0.53065,0.670268,-0.588354,-0.382378,0.482706,1.004116,0.344979,-0.75344,-0.405323,-0.488034,-0.615524
Late_Stage,0.300766,-0.112091,-0.344687,-0.643606,0.130392,0.04164,-0.421615,-0.671642,1.927124,0.334206,-0.275752,0.091225,-0.377779,0.88762,-0.500101,-0.655123,0.020409,1.414167,-0.2723,-0.53065,-0.554219,0.370502,-0.382378,0.062497,1.236543,0.526226,-0.75344,-0.516324,-0.303981,-0.615524
Late_Stage,0.462749,-1.10606,0.780522,0.239724,0.05142,-0.05881,-0.421615,-1.488005,0.589396,-0.637785,0.559577,-0.280118,-0.404076,0.61707,-0.500101,0.275893,1.960169,-0.354217,-0.2723,-0.53065,-1.241869,0.236654,-0.382378,-0.418992,0.217486,1.555454,-0.75344,0.128884,0.305669,0.066694
