Label,ENSG00000169715.13,ENSG00000150656.13,ENSG00000112936.17,ENSG00000112312.8,ENSG00000101210.9
Normal,2.634645,-2.766728,1.174492,-0.385475,-0.974378
Normal,2.890127,1.623088,0.011717,-0.128768,-1.137071
Normal,2.054615,1.593252,-0.066896,-0.2181,-0.716452
Normal,2.253195,2.089723,0.648618,-0.09281,-0.806097
Normal,2.852273,1.658388,0.963125,-0.307012,-1.031866
Normal,2.28481,-0.610707,0.887808,0.019921,0.889088
Normal,3.296618,1.422974,0.3455,-0.603001,-1.025525
Normal,3.072871,-0.202433,-0.773867,-0.266981,-1.110464
Normal,2.468778,-2.197303,1.011457,-0.187695,-0.763339
Normal,2.421261,0.478807,0.822733,-0.275977,-0.502512
Normal,2.523384,-0.673404,1.449308,-0.322657,-0.939875
Normal,3.077683,-0.109614,0.24897,-0.132439,-0.109369
Normal,2.547893,-2.089932,1.698495,0.019236,-0.333618
Normal,2.418464,0.898933,0.752734,-0.518674,-1.12657
Normal,1.936336,0.447173,0.293269,-0.43895,-1.091517
Normal,2.852285,1.108361,0.582274,-0.579145,-0.81508
Normal,2.720966,0.300799,0.736211,-0.447846,-0.86605
Normal,2.187616,-2.406477,0.884111,1.142739,0.27971
Normal,3.010668,1.538042,-0.030398,-0.639241,-1.028214
Normal,3.01674,-1.096168,0.753553,-0.501366,-1.070647
Normal,2.635064,-1.568993,2.027456,0.153028,0.218869
Normal,2.270761,1.35818,0.372762,-0.504033,0.78736
Normal,2.312312,0.964354,0.996315,0.22592,-1.066845
Normal,2.352407,3.014094,-0.090131,-0.299002,-1.113918
Normal,2.476027,0.397697,0.005352,-0.349572,-0.986277
Normal,2.196438,0.905051,0.33999,-0.059328,-1.107708
Normal,1.82617,-0.705594,1.860729,0.457073,0.495596
Normal,2.988698,1.654736,0.586539,-0.930632,-0.883697
Normal,2.875046,-0.877883,0.807789,-0.268177,-1.045822
Normal,2.405871,0.309599,0.654696,-0.179375,-1.092404
Normal,2.938665,2.471369,0.367748,-0.972863,-1.097438
Normal,2.716757,1.685258,0.878859,-0.188764,-1.009072
Normal,2.227684,-0.376847,1.13185,-0.335224,-0.664008
Normal,1.761482,-2.244041,1.28681,0.957865,1.690299
Normal,2.63682,-1.632261,0.435815,-0.426081,-1.127645
Normal,3.126006,1.941124,0.700939,-0.479237,-0.765591
Normal,2.899747,1.188273,0.999067,-0.549992,-0.795328
Normal,2.617197,1.005572,0.7743,-0.139965,-1.099325
Normal,2.896923,2.061898,0.342533,-0.549517,-0.732838
Normal,2.653032,-0.539224,0.485989,-0.02823,-0.181458
Early_Stage,-0.373772,-1.086655,0.518179,0.298173,0.526329
Early_Stage,-0.691677,1.190726,0.764573,0.995777,-1.012061
Early_Stage,-0.392815,-0.800082,-0.701517,-0.246842,0.996964
Early_Stage,-0.214345,-0.861681,0.442838,1.059262,1.955143
Early_Stage,-0.452422,0.794775,0.950605,1.292067,-0.541575
Early_Stage,-0.288487,-0.631188,-1.791918,1.126647,1.392008
Early_Stage,-0.339819,-1.156312,0.459882,0.584874,-0.008673
Early_Stage,-0.463329,0.714834,0.407764,-0.425177,-1.012648
Early_Stage,-0.264944,-1.659759,1.453387,-0.14234,0.243886
Early_Stage,-0.164097,-0.455205,0.823134,0.23446,0.184952
Early_Stage,-0.146043,0.679179,-0.306494,-1.375086,-0.764555
Early_Stage,-0.308799,-0.552146,0.905564,1.65408,1.618752
Early_Stage,-0.405786,-1.107607,-0.217638,0.444852,1.745873
Early_Stage,-0.540633,-1.26405,0.708901,-0.299075,-0.955102
Early_Stage,-0.460434,0.324374,0.423785,-0.743981,0.537077
Early_Stage,-0.069642,0.021471,1.072811,-0.33769,1.432614
Early_Stage,-0.321259,-0.075598,-1.786515,-0.644182,0.511304
Early_Stage,-0.253399,-0.376291,0.56048,-0.06605,-0.941587
Early_Stage,-0.243944,-1.227881,0.740608,-0.790843,2.213683
Early_Stage,-0.266533,-1.102672,0.531646,1.131661,1.406309
Early_Stage,-0.605259,-1.141908,1.029984,1.528983,-0.806537
Early_Stage,-0.531507,-0.397913,0.520704,1.849476,1.327207
Early_Stage,-0.607309,-0.052379,-0.024637,1.06392,0.829831
Early_Stage,-0.556795,0.405484,0.245416,0.676745,-1.035455
Early_Stage,-0.434484,-0.900489,-0.207995,-0.144596,1.654799
Early_Stage,-0.464341,-0.930796,0.973445,-0.877198,0.432864
Early_Stage,-0.201892,-0.340108,0.622385,1.591089,1.121876
Early_Stage,-0.480746,-0.110384,-0.566598,-0.663782,0.00282
Early_Stage,-0.415748,-0.475757,0.048754,1.141698,0.53218
Early_Stage,-0.550699,-1.089807,0.303235,0.206969,1.167202
Early_Stage,-0.401113,-0.61915,0.671991,0.108193,1.436521
Early_Stage,-0.534779,-0.584036,0.134767,2.236651,1.166576
Early_Stage,-0.593007,-0.27771,0.751759,-0.996371,0.059045
Early_Stage,-0.277577,0.123661,-1.190547,0.234999,1.011088
Early_Stage,-0.386751,-0.405044,-0.587722,1.752335,0.749693
Early_Stage,-0.391728,-0.75634,-0.064593,1.8743,0.679286
Early_Stage,0.083041,1.531367,1.108543,-0.708845,-0.88672
Early_Stage,-0.277999,-0.59867,-0.000265,0.286309,0.9538
Early_Stage,-0.375285,-0.807313,0.655031,-0.393494,-0.875044
Early_Stage,-0.419411,-1.148368,1.091296,0.718219,-1.131625
Early_Stage,-0.438192,-0.951648,-1.04468,-0.456148,1.226714
Early_Stage,-0.33061,-0.773298,-0.202778,-1.082197,-1.086751
Early_Stage,-0.457586,-0.388215,0.551579,0.605734,-0.153835
Early_Stage,-0.457319,-0.623614,-0.285795,-0.706398,0.821589
Early_Stage,-0.235818,-0.650071,-0.114485,0.407479,0.931538
Early_Stage,-0.662827,0.245803,1.821772,1.03821,-0.975257
Early_Stage,-0.40689,-0.864277,-1.010599,1.227998,1.07706
Early_Stage,-0.604118,0.000391,-0.335903,-0.508591,-1.112097
Early_Stage,-0.579289,-0.440186,-0.592579,-1.481527,-0.529822
Early_Stage,-0.502988,-1.394864,0.463806,0.513763,1.257327
Early_Stage,-0.549335,-0.520227,-0.2671,-0.108364,1.847252
Early_Stage,-0.318404,0.368445,-0.252491,0.327454,0.509918
Early_Stage,-0.345937,-0.611463,-0.57261,0.220386,1.492209
Early_Stage,-0.50147,-0.677854,0.117843,-0.132787,-0.595388
Early_Stage,-0.270124,-0.288706,0.405844,0.539829,0.451604
Early_Stage,-0.46968,-1.178006,-0.124948,-0.333471,-0.660335
Early_Stage,-0.555404,0.590267,1.479129,2.609304,0.99589
Early_Stage,-0.468679,-0.409965,0.437705,-0.994285,0.329365
Early_Stage,-0.09853,0.138436,0.192921,-0.094336,0.608302
Early_Stage,-0.265038,-0.36732,0.851167,-1.082288,1.149191
Early_Stage,-0.205284,0.449156,-0.501116,-0.611787,-1.034662
Early_Stage,-0.3793,0.832042,0.717935,-0.160889,-0.371619
Early_Stage,-0.447439,-0.159917,1.963714,1.227011,0.947584
Early_Stage,-0.565838,0.04459,0.823654,0.928703,-1.049029
Early_Stage,-0.648381,-0.637206,1.814139,2.747207,0.599096
Early_Stage,-0.188532,-0.86944,-0.697617,-0.015452,0.495617
Early_Stage,-0.373299,0.242323,-1.175364,-0.827879,0.563043
Early_Stage,-0.389065,-0.05817,0.492647,2.431061,0.899294
Early_Stage,-0.320215,-0.387316,0.036849,-0.882311,1.215565
Early_Stage,-0.136552,0.143072,-0.372825,0.325792,-1.014275
Early_Stage,-0.556554,0.594974,0.845089,0.176701,1.553045
Early_Stage,-0.294669,0.700472,-0.129495,-0.4007,-0.301765
Early_Stage,-0.312265,0.007223,1.063646,0.061048,-1.089066
Early_Stage,-0.450965,-0.767692,0.644203,-0.016831,1.324946
Early_Stage,-0.314531,-0.749451,0.453732,-0.868253,0.920712
Early_Stage,-0.465966,-1.455108,1.51269,2.286674,1.642446
Early_Stage,-0.48624,-0.651725,0.010288,-1.349192,0.850952
Early_Stage,-0.372634,-0.652695,0.247492,-1.089564,1.711259
Early_Stage,-0.43747,-0.761659,0.934692,0.601131,1.342514
Early_Stage,-0.524458,-1.286613,1.387445,1.826287,-0.15643
Early_Stage,-0.41305,-0.736772,0.600927,-0.778906,0.507438
Early_Stage,-0.393194,-0.339238,1.031324,-0.834254,0.75435
Early_Stage,-0.62027,0.008335,-2.282026,0.24816,-1.137138
Early_Stage,-0.458378,-1.187091,0.909368,1.411658,1.860053
Early_Stage,-0.657069,-0.983068,1.597543,0.838786,1.884852
Early_Stage,-0.499391,-0.227478,-1.09002,-0.334749,-1.092635
Early_Stage,-0.305775,-1.466475,0.455599,0.374645,2.13417
Early_Stage,-0.517265,-0.064959,-0.360586,0.954129,0.62167
Early_Stage,-0.346235,-0.668755,0.149245,-0.41155,1.885138
Early_Stage,-0.334905,0.246017,-1.761612,0.263905,0.191611
Early_Stage,-0.577103,-1.447863,0.8391,1.39572,2.242947
Early_Stage,-0.434252,-0.526146,0.140439,0.831425,-0.266483
Early_Stage,-0.08175,0.911811,-1.999006,-0.61123,0.810966
Early_Stage,-0.62335,-0.80158,0.282806,0.356717,1.501983
Early_Stage,-0.433795,-1.699679,0.496853,-0.050067,0.829169
Early_Stage,-0.390931,0.11951,-0.458899,-0.897073,-0.923997
Early_Stage,-0.521988,-1.216856,0.62695,-0.946088,0.875428
Early_Stage,-0.364054,-0.643553,0.794024,1.626735,1.101198
Early_Stage,-0.270871,0.195372,-0.058736,0.868843,0.15102
Early_Stage,-0.083397,0.442324,0.078839,-1.484143,1.077847
Early_Stage,-0.544069,-0.88925,0.530814,-0.032385,1.476814
Early_Stage,-0.436473,-0.894185,0.040618,0.353173,-0.176889
Early_Stage,-0.54191,-0.413573,0.842953,-0.557919,-0.893452
Early_Stage,-0.564836,-0.70876,0.530216,0.509369,-0.769181
Early_Stage,-0.208868,1.061523,-0.694422,-0.16836,0.022842
Early_Stage,-0.497265,-0.325774,1.057969,0.693002,-0.211801
Early_Stage,-0.524304,-0.624327,0.59239,0.439254,-0.120159
Early_Stage,-0.468663,-1.334249,0.641182,1.255644,-0.272798
Early_Stage,-0.454624,0.355466,-1.626657,0.058025,-0.961869
Early_Stage,-0.392863,-0.601365,0.430257,-1.245765,0.536129
Early_Stage,-0.275875,-0.364539,0.796542,0.918884,0.573135
Early_Stage,-0.147803,0.281231,-1.833313,-0.134093,0.546987
Early_Stage,-0.369672,-0.316061,-0.445074,-0.814188,1.212741
Early_Stage,-0.285123,0.48812,-0.766276,-0.962074,-1.083326
Early_Stage,-0.457058,-0.509245,0.771291,0.42971,-1.133981
Early_Stage,-0.587926,-0.51408,1.987255,1.98705,1.938352
Early_Stage,-0.398791,-0.216282,0.020858,-0.18175,-0.691061
Early_Stage,-0.3695,0.101925,-0.46676,-0.569674,-1.142443
Early_Stage,-0.551112,-0.385276,0.523845,0.620575,1.443773
Early_Stage,-0.307051,-0.592665,-0.345923,0.050554,0.900529
Early_Stage,-0.093757,0.385859,-0.013462,-0.916436,0.510924
Early_Stage,-0.156425,0.690503,-0.7804,-0.440621,0.489459
Early_Stage,0.02984,1.076798,-1.51477,-1.268676,-0.970114
Early_Stage,-0.52015,-0.047102,0.690691,2.190565,1.012343
Early_Stage,-0.385064,-0.082872,0.358607,0.147493,2.163418
Early_Stage,-0.574298,-0.064431,0.079587,-0.575528,-1.047907
Early_Stage,-0.612959,-0.461395,0.803386,1.013523,-0.753974
Early_Stage,-0.5298,-0.59469,1.155122,1.563269,0.685298
Early_Stage,-0.305537,1.159833,-0.059209,-0.750813,-0.039489
Early_Stage,-0.658341,0.111195,1.410369,1.59645,0.620785
Early_Stage,-0.392818,-0.707149,0.222277,1.588513,-1.010606
Early_Stage,-0.507678,0.501356,0.110653,-0.87775,0.493763
Early_Stage,-0.534709,0.837548,1.487576,0.209992,-1.02152
Early_Stage,-0.355178,-0.752204,0.087788,0.645482,0.332413
Early_Stage,-0.425145,0.283755,0.02559,-1.036779,-0.814324
Early_Stage,-0.441182,-0.198083,-0.599543,0.303452,0.995083
Early_Stage,-0.374081,0.424025,0.905564,0.831032,1.408929
Early_Stage,-0.408658,-0.231643,0.512239,2.332395,-0.064257
Late_Stage,-0.309046,-0.768805,-1.036484,-0.561673,-0.260028
Late_Stage,-0.194756,0.102239,-2.017164,-1.058296,-1.052522
Late_Stage,-0.486618,1.315122,-0.944375,-0.494261,-1.112857
Late_Stage,-0.304574,-0.840216,0.820741,-0.658713,-0.262967
Late_Stage,-0.522328,0.862835,0.754708,-0.702544,0.330542
Late_Stage,-0.045023,-0.569974,0.794131,-1.361668,0.088533
Late_Stage,-0.471192,-0.786462,0.691272,-0.704772,1.952085
Late_Stage,-0.234868,0.657799,-1.964319,2.305196,0.162144
Late_Stage,-0.603063,0.143385,1.400133,0.49451,-1.076623
Late_Stage,-0.318552,-0.102355,-1.381658,-0.705548,-0.37214
Late_Stage,-0.245403,-0.70896,0.440679,-0.476816,-0.016019
Late_Stage,-0.285729,0.121108,-0.560813,-0.100583,1.21185
Late_Stage,-0.325168,-0.941636,-2.133364,-1.550362,-1.107169
Late_Stage,-0.290154,0.166876,0.345512,-0.211241,-0.655628
Late_Stage,-0.390095,-0.223984,-0.463098,-0.263812,-0.477645
Late_Stage,-0.012537,2.257078,-1.825614,-1.426431,-1.14228
Late_Stage,-0.55337,-1.33191,0.919197,2.320923,0.717964
Late_Stage,-0.404581,1.604134,-2.363558,-1.237967,-1.111815
Late_Stage,-0.526924,-1.080993,-0.036901,1.040931,1.191099
Late_Stage,-0.53919,-0.539181,0.803057,-0.357226,0.133666
Late_Stage,-0.224371,0.036432,0.848558,-0.072626,-0.236105
Late_Stage,-0.359012,0.269279,-0.044397,-0.961449,0.455178
Late_Stage,-0.355338,-0.194104,1.535602,-0.745323,-1.052964
Late_Stage,-0.22398,0.318327,-0.430261,-0.262259,-0.056083
Late_Stage,-0.201908,-0.90695,0.047797,-0.539424,1.498326
Late_Stage,-0.426443,-1.511031,0.40031,0.714602,-0.068925
Late_Stage,-0.420155,-0.370729,-0.116023,-0.437169,0.382563
Late_Stage,-0.337076,2.055479,-2.280808,-1.363371,-1.118499
Late_Stage,-0.168287,0.623769,-0.998383,-0.117013,-0.97506
Late_Stage,-0.155596,-0.435009,0.226374,0.780544,-0.682838
Late_Stage,-0.540585,-0.216567,0.688089,-0.106318,-0.83398
Late_Stage,-0.41266,-0.39101,-1.751723,-0.84962,-0.44997
Late_Stage,-0.300236,-0.629048,0.460295,2.042525,-0.81908
Late_Stage,-0.662367,-0.958822,0.525191,0.704711,-1.142131
Late_Stage,-0.327703,0.274684,0.119949,-0.356678,-1.02248
Late_Stage,-0.376696,0.690289,-1.473456,-1.53938,1.244579
Late_Stage,-0.086535,-0.164895,-1.347403,-0.604453,-0.74041
Late_Stage,-0.569513,0.3264,0.305389,-0.47351,0.235728
Late_Stage,-0.441796,0.418706,-2.147015,-0.121333,-0.989586
Late_Stage,-0.226417,-0.565481,0.995442,0.064655,2.058424
Late_Stage,-0.376723,1.752162,-1.185976,-0.139216,-0.065059
Late_Stage,-0.150354,1.051639,-2.350771,1.97367,-1.10914
Late_Stage,-0.48593,-0.446063,0.377631,2.329984,1.307066
Late_Stage,-0.509344,0.281074,1.085063,-0.098181,-0.440785
Late_Stage,-0.347299,-0.043722,-1.038112,-0.99503,-0.825142
Late_Stage,-0.492957,-0.629761,-0.141412,-1.144336,-1.10193
Late_Stage,0.014739,-0.688265,-1.1909,-0.26267,0.215185
Late_Stage,-0.168979,0.923892,-1.254575,-1.414772,0.12731
Late_Stage,-0.125516,1.467386,-1.953762,-1.607286,-0.985366
Late_Stage,-0.583343,-0.731466,1.232551,3.045945,1.144966
Late_Stage,-0.430101,-1.005745,0.596739,1.706852,1.737152
Late_Stage,-0.536366,-0.649672,-0.084418,-0.591,1.063244
Late_Stage,-0.43496,0.774422,-1.285402,-0.063411,-1.047009
Late_Stage,-0.396351,0.888207,-1.023551,-1.005593,-0.966841
Late_Stage,-0.187902,-0.827323,-0.370534,-1.378683,-1.097558
Late_Stage,-0.387262,-0.043922,-0.139761,-1.247276,-0.97012
Late_Stage,-0.635622,-1.012334,0.513549,1.039561,-1.047185
Late_Stage,-0.497108,0.204785,-1.783948,0.294748,0.659358
Late_Stage,-0.094355,0.789598,0.412358,-1.149922,-1.075509
Late_Stage,-0.254198,-0.85445,0.289817,0.758706,0.878095
Late_Stage,-0.154148,1.622461,-0.761179,-0.579592,0.939467
Late_Stage,0.11604,1.758324,-1.054282,-1.612317,-0.999021
Late_Stage,-0.523789,0.832884,-0.10617,-0.970581,0.002674
Late_Stage,-0.376227,1.043638,0.799162,-0.453216,-1.078769
Late_Stage,-0.529837,-0.885499,-1.138549,0.327929,1.215252
Late_Stage,-0.41933,1.742607,-1.973149,-0.814343,-1.063087
Late_Stage,-0.458576,-0.710558,1.584741,-0.062443,-1.130467
Late_Stage,0.004782,1.024627,-0.146018,0.971519,-0.581618
Late_Stage,-0.281176,0.008321,1.404219,-0.390032,-0.712953
Late_Stage,-0.290827,0.448642,-0.093093,-0.351518,-0.236099
Late_Stage,-0.139842,2.704587,0.012597,-0.750822,0.413958
Late_Stage,-0.118188,-0.431372,-1.007488,0.297881,-0.586891
Late_Stage,-0.389951,-0.298176,0.562006,0.487934,0.983267
Late_Stage,-0.380412,1.187845,-0.243805,-1.534883,-0.975602
Late_Stage,-0.433539,-0.388728,-1.896219,-0.888096,-1.121313
Late_Stage,-0.32534,-0.010776,-0.816102,-0.66812,0.516347
Late_Stage,0.045868,2.354803,-1.665662,-1.111902,-0.883995
Late_Stage,-0.163373,0.294823,0.492067,-1.009641,-1.031468
Late_Stage,-0.110642,1.632402,0.405892,-0.503832,1.025993
Late_Stage,-0.24588,1.135131,-0.161536,-0.818508,0.503797
Late_Stage,-0.437429,1.501488,-2.160562,-0.946101,-1.143499
Late_Stage,-0.370032,4.358604,-1.054156,-1.453601,-1.022535
Late_Stage,-0.410378,0.932863,-0.488254,-0.226183,-0.817654
Late_Stage,-0.147302,0.770743,-0.438122,-0.915915,-1.111165
Late_Stage,-0.138962,0.307716,0.54964,1.096333,-0.914134
Late_Stage,-0.483062,1.425056,0.345686,-1.100903,-0.865744
Late_Stage,-0.189025,1.278182,-1.450664,-0.841414,0.053549
Late_Stage,-0.232779,0.640028,-0.421461,-1.32813,-1.112151
Late_Stage,-0.607939,-0.001477,0.990716,1.401922,-0.791462
Late_Stage,-0.004396,0.830388,-2.260807,-1.232757,-1.114185
Late_Stage,-0.009642,1.931782,-1.035479,0.24131,-0.853168
Late_Stage,-0.569506,-0.674659,1.185165,-0.388325,-1.112167
Late_Stage,-0.392971,0.624554,-2.218704,-0.671664,-1.143753
Late_Stage,-0.42652,-1.341951,-0.027945,-0.318812,0.678833
Late_Stage,-0.170282,0.936343,-2.344364,-1.130191,-1.147156
Late_Stage,-0.598678,-1.61158,-0.571755,0.84833,-0.719019
Late_Stage,-0.56566,-0.886997,-0.720804,0.630604,0.944948
Late_Stage,-0.433401,0.239756,-1.435839,1.686448,-0.226951
Late_Stage,-0.475738,-1.519503,1.251437,1.329632,0.817358
Late_Stage,-0.354967,-0.319741,-1.128157,0.392574,0.820875
Late_Stage,-0.514635,-0.371684,0.94525,2.332952,1.828168
Late_Stage,-0.46052,-0.974724,0.139458,-0.950264,1.05956
Late_Stage,-0.065452,1.553645,-1.936523,-1.701283,-1.114904
Late_Stage,-0.462944,-0.47908,-0.582643,-1.163491,-1.092209
Late_Stage,-0.395168,-0.120781,-0.621588,-0.119799,-0.855509
Late_Stage,-0.366582,-0.421289,0.873319,1.379143,1.460856
Late_Stage,-0.40493,-0.503668,1.265645,1.938004,2.066723
Late_Stage,-0.336826,-0.731766,-0.546713,0.61884,-0.207471
Late_Stage,-0.601543,-1.018182,0.205939,1.215485,0.687533
Late_Stage,-0.547725,-1.446038,1.0961,-0.867545,0.364313
Late_Stage,0.017019,1.756969,-2.284533,-1.131911,-1.12278
Late_Stage,-0.149579,0.566905,-0.220402,-0.815832,-1.130768
Late_Stage,-0.271008,1.483888,-0.574722,-1.18199,0.361833
Late_Stage,-0.384958,0.241981,-0.204926,-0.849714,-1.020559
Late_Stage,-0.228796,1.380743,-2.344396,0.677457,-1.134691
Late_Stage,-0.353116,-1.095084,0.028922,0.659008,-0.020374
Late_Stage,-0.011621,1.083316,-1.241725,-0.571354,-0.79192
Late_Stage,-0.450109,1.731354,-1.821968,-1.513284,-0.896157
Late_Stage,-0.400323,0.102495,-0.81944,-1.29719,-1.133229
Late_Stage,-0.289356,0.482472,-0.837447,-1.441901,1.799529
Late_Stage,-0.385468,1.666546,-0.479358,-0.986874,0.911558
Late_Stage,-0.204705,1.382026,-1.723188,0.071304,0.886191
Late_Stage,-0.521816,-0.122621,-1.734309,0.152992,0.346307
Late_Stage,-0.523791,-1.150693,1.369952,1.071948,2.083343
Late_Stage,-0.434062,0.45941,-0.20754,-1.71077,-1.136189
Late_Stage,-0.18649,0.312309,0.2096,0.89311,-0.96605
Late_Stage,-0.153405,1.354015,-1.58307,0.432806,-0.713952
Late_Stage,-0.497696,0.18245,-1.77513,-0.444402,-0.849785
Late_Stage,-0.457531,1.093613,0.121678,-1.233459,1.151692
Late_Stage,-0.343872,-1.150722,0.96848,1.449213,1.970606
Late_Stage,-0.551712,-0.445777,0.760798,2.895959,1.040279
Late_Stage,-0.435954,-0.36317,-1.648265,1.394898,-1.132525
Late_Stage,-0.330289,0.386501,0.449622,0.448433,-0.632898
Late_Stage,-0.442759,0.95022,-0.057348,-1.462589,-0.465313
Late_Stage,-0.399859,-0.447161,0.190409,-0.416281,-1.114568
Late_Stage,-0.195738,-0.45877,-0.27785,-1.000163,-0.251614
Late_Stage,-0.564661,-0.266985,0.931419,1.562995,-0.938379
Late_Stage,-0.390549,0.566207,-0.423819,0.084374,0.319362
Late_Stage,-0.21402,0.484269,0.183457,-1.264236,0.535707
Late_Stage,-0.529543,0.672033,-1.140601,1.494651,-0.861599
Late_Stage,-0.309198,1.545002,-1.810941,-0.218282,-0.826882
